1,"9400010","頑強","自身の防御力を3%アップする","自身の防御力を5%アップする[最大解放]"
2,"9400020","瞑想","自身の弱体耐性を5%アップする","自身の弱体耐性を10%アップする[最大解放]"
3,"9400030","技巧","自身のArtsカードの性能を3%アップする","自身のArtsカードの性能を5%アップする[最大解放]"
4,"9400040","先制","自身のQuickカードの性能を3%アップする","自身のQuickカードの性能を5%アップする[最大解放]"
5,"9400050","破壊","自身のBusterカードの性能を3%アップする","自身のBusterカードの性能を5%アップする[最大解放]"
6,"9400060","閃光","自身のクリティカル威力を5%アップする","自身のクリティカル威力を10%アップする[最大解放]"
7,"9400070","好機","自身のスター発生率を5%アップする","自身のスター発生率を10%アップする[最大解放]"
8,"9400080","豊穣","自身のNPを10%チャージした状態でバトルを開始する","自身のNPを20%チャージした状態でバトルを開始する[最大解放]"
9,"9400090","集中","自身のNP獲得量を5%アップする","自身のNP獲得量を10%アップする[最大解放]"
10,"9400100","天啓","自身の宝具威力を5%アップする","自身の宝具威力を10%アップする[最大解放]"
11,"9400110","アゾット剣","自身の防御力を8%アップする","自身の防御力を10%アップする[最大解放]"
12,"9400120","偽臣の書","自身の弱体耐性を15%アップする","自身の弱体耐性を20%アップする[最大解放]"
13,"9400130","青の黒鍵","自身のArtsカードの性能を8%アップする","自身のArtsカードの性能を10%アップする[最大解放]"
14,"9400140","緑の黒鍵","自身のQuickカードの性能を8%アップする","自身のQuickカードの性能を10%アップする[最大解放]"
15,"9400150","赤の黒鍵","自身のBusterカードの性能を8%アップする","自身のBusterカードの性能を10%アップする[最大解放]"
16,"9400160","凛のペンダント","自身のクリティカル威力を15%アップする","自身のクリティカル威力を20%アップする[最大解放]"
17,"9400170","魔導書","自身のスター発生率を15%アップする","自身のスター発生率を20%アップする[最大解放]"
18,"9400180","龍脈","自身のNPを30%チャージした状態でバトルを開始する","自身のNPを50%チャージした状態でバトルを開始する[最大解放]"
19,"9400190","魔術鉱石","自身のNP獲得量を15%アップする","自身のNP獲得量を20%アップする[最大解放]"
20,"9400200","竜種","自身の宝具威力を15%アップする","自身の宝具威力を20%アップする[最大解放]"
21,"9400210","鋼の鍛錬","自身の防御力を15%アップする","自身の防御力を20%アップする[最大解放]"
22,"9400220","原始呪術","自身の弱体耐性を25%アップする","自身の弱体耐性を30%アップする[最大解放]"
23,"9400230","投影魔術","自身のArtsカードの性能を15%アップする","自身のArtsカードの性能を20%アップする[最大解放]"
24,"9400240","ガンド","自身のQuickカードの性能を15%アップする","自身のQuickカードの性能を20%アップする[最大解放]"
25,"9400250","緑の破音","自身のBusterカードの性能を15%アップする","自身のBusterカードの性能を20%アップする[最大解放]"
26,"9400260","宝石魔術・対影","自身のクリティカル威力を25%アップする","自身のクリティカル威力を30%アップする[最大解放]"
27,"9400270","優雅たれ","自身のスター発生率を25%アップする","自身のスター発生率を30%アップする[最大解放]"
28,"9400280","虚数魔術","自身のNPを60%チャージした状態でバトルを開始する","自身のNPを75%チャージした状態でバトルを開始する[最大解放]"
29,"9400290","天の晩餐","自身のNP獲得量を25%アップする","自身のNP獲得量を30%アップする[最大解放]"
30,"9400300","天使の詩","自身の宝具威力を25%アップする","自身の宝具威力を30%アップする[最大解放]"
31,"9400310","フォーマルクラフト","自身のArtsカードの性能を25%アップする","自身のArtsカードの性能を30%アップする[最大解放]"
32,"9400320","イマジナリ・アラウンド","自身のQuickカードの性能を25%アップする","自身のQuickカードの性能を30%アップする[最大解放]"
33,"9400330","リミテッド／ゼロオーバー","自身のBusterカードの性能を25%アップする","自身のBusterカードの性能を30%アップする[最大解放]"
34,"9400340","カレイドスコープ","自身のNPを80%チャージした状態でバトルを開始する","自身のNPを100%チャージした状態でバトルを開始する[最大解放]"
35,"9400350","ヘブンズ・フィール","自身の宝具威力を40%アップする","自身の宝具威力を50%アップする[最大解放]"
36,"9400360","旅の始まり","サポートで得られるフレンドポイントが＋75される",""
37,"9400370","葦の海","自身に回避状態を付与(1回)＆弱体耐性を5%アップする","自身に回避状態を付与(1回)＆弱体耐性を10%アップする[最大解放]"
38,"9400380","封印指定　執行者","自身のスター集中度を600%アップする","自身のスター集中度を800%アップする[最大解放]"
39,"9400390","マグダラの聖骸布","自身に〔男性〕特防状態を25%付与する","自身に〔男性〕特防状態を30%付与する[最大解放]"
40,"9400400","プリズマコスモス","自身に毎ターンNP8%獲得状態を付与する","自身に毎ターンNP10%獲得状態を付与する[最大解放]"
41,"9400410","不夜の薔薇","自身にガッツ状態(1回・HP500回復)を付与","自身にガッツ状態(1回・HP1000回復)を付与[最大解放]"
42,"9400420","ムーンセル・オートマトン","自身のQuickカード性能を3%アップ＆Artsカード性能を3%アップ＆Busterカード性能を3%アップ","自身のQuickカード性能を5%アップ＆Artsカード性能を5%アップ＆Busterカード性能を5%アップ[最大解放]"
43,"9400430","ムーニー・ジュエル","自身の魅了耐性を80%アップする","自身の魅了耐性を100%アップする[最大解放]"
44,"9400440","月女神の沐浴","自身に毎ターンHP500回復状態を付与する","自身に毎ターンHP750回復状態を付与する[最大解放]"
45,"9400450","ムーンライト・フェスト","自身のスター発生率を15%アップ＆クリティカル威力を15%アップ","自身のスター発生率を20%アップ＆クリティカル威力を20%アップ[最大解放]"
46,"9400460","ルーンストーン","自身の弱体耐性を5%アップ＆スター集中度を100%アップする","自身の弱体耐性を10%アップ＆スター集中度を200%アップする[最大解放]"
47,"9400470","一の太刀","自身に必中状態を付与＆自身のQuickカードの性能を8%アップする","自身に必中状態を付与＆自身のQuickカードの性能を10%アップする[最大解放]"
48,"9400480","黒の聖杯","自身の宝具威力を60%アップ＆毎ターンHP500減少状態を付与【デメリット】","自身の宝具威力を80%アップ[最大解放]＆毎ターンHP500減少状態を付与【デメリット】"
49,"9400490","ジャック・オー・ランタン","自身に与ダメージプラス100状態を付与","自身に与ダメージプラス200状態を付与[最大解放]"
50,"9400500","トリック・オア・トリート","自身の弱体成功率を10%アップする","自身の弱体成功率を12%アップする[最大解放]"
51,"9400510","ハロウィン・アレンジメント","自身にターゲット集中状態を付与(1ターン)＆防御力を60%アップ(1ターン)","自身にターゲット集中状態を付与(1ターン)＆防御力を80%アップ(1ターン)[最大解放]"
52,"9400520","ハロウィン・プリンセス","自身の宝具の威力を15%アップ＆NPを30%チャージした状態でバトルを開始する","自身の宝具の威力を20%アップ＆NPを50%チャージした状態でバトルを開始する[最大解放]"
53,"9400530","ハロウィン・プチデビル","自身のNP獲得量を20%アップ＆NPを50%チャージした状態でバトルを開始する","自身のNP獲得量を25%アップ＆NPを60%チャージした状態でバトルを開始する[最大解放]"
54,"9400540","メイド・イン・ハロウィン","自身のHP回復量を60%アップ","自身のHP回復量を75%アップ[最大解放]"
55,"9400550","そして船は征く","自身に毎ターンHP100回復状態を付与する","自身に毎ターンHP200回復状態を付与する[最大解放]"
56,"9400560","コードキャスト","自身の攻撃力を25%アップ(3ターン)＆防御力を25%アップ(3ターン)","自身の攻撃力を30%アップ(3ターン)＆防御力を30%アップ(3ターン)[最大解放]"
57,"9400570","月の勝利者","自身のBusterカードの性能を10%アップ＆クリティカル威力を20%アップする","自身のBusterカードの性能を15%アップ＆クリティカル威力を25%アップする[最大解放]"
58,"9400580","もう一つの結末","自身のArtsカードの性能を10%アップ＆クリティカル威力を20%アップする","自身のArtsカードの性能を15%アップ＆クリティカル威力を25%アップする[最大解放]"
59,"9400590","Fateぐだぐだオーダー","自身のQuickカード性能＆Artsカード性能＆Busterカード性能＆スター発生率＆スター集中度＆クリティカル威力＆NP獲得量＆宝具威力＆弱体付与成功率＆弱体耐性＆HP回復量それぞれ1%アップ","自身のQuickカード性能＆Artsカード性能＆Busterカード性能＆スター発生率＆スター集中度＆クリティカル威力＆NP獲得量＆宝具威力＆弱体付与成功率＆弱体耐性＆HP回復量それぞれ2%アップ[最大解放]"
60,"9400600","打ち上げオーダー！","自身のQuickカード性能を10%アップ＆Busterカード性能を10%アップ","自身のQuickカード性能を15%アップ＆Busterカード性能を15%アップ[最大解放]"
61,"9400610","ぐだお","自身のクリティカル威力を15%アップ＆宝具威力を15%アップ","自身のクリティカル威力を20%アップ＆宝具威力を20%アップ[最大解放]"
62,"9400620","ぐだぐだ看板娘","自身にターゲット集中状態を付与(3ターン)＆攻撃力を60%アップ(3ターン)","自身にターゲット集中状態を付与(3ターン)＆攻撃力を80%アップ(3ターン)[最大解放]"
63,"9800300","概念礼装EXPカード：おき太","効果なし",""
64,"9800400","概念礼装EXPカード：ノッブ","効果なし",""
65,"9400630","魔猪","自身のQuickカードの性能を15%アップする(3ターン)","自身のQuickカードの性能を20%アップする(3ターン)[最大解放]"
66,"9400640","騎士の矜持","自身のクリティカル威力を40%アップ＆防御力を20%ダウン【デメリット】","自身のクリティカル威力を50%アップ[最大解放]＆防御力を20%ダウン【デメリット】"
67,"9400650","2030年の欠片","自身に毎ターンスター8個獲得状態を付与","自身に毎ターンスター10個獲得状態を付与[最大解放]"
68,"9400660","雷光のトナカイ君","自身のBusterカードの性能を15%アップする(3ターン)","自身のBusterカードの性能を20%アップする(3ターン)[最大解放]"
69,"9400670","聖者の行進","自身に毎ターンHP200回復状態を付与＆毎ターンNP3%獲得状態を付与","自身に毎ターンHP300回復状態を付与＆毎ターンNP4%獲得状態を付与[最大解放]"
70,"9400680","プレゼント・フォー・マイマスター","自身のスター集中度を100%アップ＆HP回復量を40%アップ","自身のスター集中度を200%アップ＆HP回復量を50%アップ[最大解放]"
71,"9400690","ホーリーナイト・サイン","自身のQuickカード性能を8%アップ＆クリティカル威力を15%アップ","自身のQuickカード性能を10%アップ＆クリティカル威力を20%アップ[最大解放]"
72,"9400700","時計塔","自身に毎ターンNP2%獲得状態を付与する","自身に毎ターンNP3%獲得状態を付与する[最大解放]"
73,"9400710","死霊魔術","自身のHP0時に確率でガッツ発動状態(HP500回復)を付与","自身のHP0時に確率でガッツ発動状態(HP1000回復)を付与[最大解放]"
74,"9400720","目覚めた意志","自身に毎ターン確率でNP12%獲得状態を付与＆毎ターンHP500減少状態を付与【デメリット】","自身に毎ターン確率でNP15%獲得状態を付与[最大解放]＆毎ターンHP500減少状態を付与【デメリット】"
75,"9400730","五百年の妄執","自身がやられた時に敵に宝具封印状態(2ターン)と呪い状態(1000ダメージ・10ターン)を付与する","自身がやられた時に敵に宝具封印状態(2ターン)と呪い状態(2000ダメージ・10ターン)を付与する[最大解放]"
76,"9400740","2016年の平穏","自身に毎ターンHP200回復状態を付与＆攻撃力を10%ダウン【デメリット】","自身に毎ターンHP300回復状態を付与[最大解放]＆攻撃力を10%ダウン【デメリット】"
77,"9400750","ヒロイック・ニューイヤー","自身に弱体無効状態(1回)を付与＆防御力を8%アップする","自身に弱体無効状態(1回)を付与＆防御力を10%アップする[最大解放]"
78,"9400760","ジャングルの掟","クエストクリアで得られるQPを2015増やす","クエストクリアで得られるQPを2016増やす[最大解放]"
79,"9400770","グランド・ニューイヤー","自身にターゲット集中状態を付与(1ターン)＆無敵状態を付与(1ターン)＆弱体耐性を10%アップ","自身にターゲット集中状態を付与(1ターン)＆無敵状態を付与(1ターン)＆弱体耐性を20%アップ[最大解放]"
80,"9400780","モナ・リザ","ドロップで得られるQPの量を2%増やす","ドロップで得られるQPの量を10%増やす[最大解放]"
81,"9400790","ハッピー×3・オーダー","自身に毎ターンスター1個獲得状態を付与",""
82,"9400810","ピュアリー・ブルーム","自身の宝具威力が毎ターン5%アップ(最大40%)","自身の宝具威力が毎ターン5%アップ(最大50%)[最大解放]"
83,"9400820","アルトリアの星","自身にガッツ状態(1回・HP1回復)を付与＆弱体耐性を5%アップ","自身にガッツ状態(1回・HP1回復)を付与＆弱体耐性を10%アップ[最大解放]"
84,"9400830","正射必中","自身に必中状態を付与＆クリティカル威力を3%アップ","自身に必中状態を付与＆クリティカル威力を5%アップ[最大解放]"
85,"9400840","みこっと！花嫁修業","自身に毎ターン確率でHP750回復状態を付与","自身に毎ターン確率でHP1000回復状態を付与[最大解放]"
86,"9400850","紅蓮なり影の国","自身に与ダメージプラス状態を付与(毎ターン効果アップ・最大＋1000)","自身に与ダメージプラス状態を付与(毎ターン効果アップ・最大＋1200)[最大解放]"
87,"9800500","概念礼装EXPカード：謎の物質α","効果なし",""
88,"9800600","概念礼装EXPカード：謎の物質β","効果なし",""
89,"9400860","柳洞寺","自身の宝具威力を10%アップ＆NPを20%チャージした状態でバトルを開始する","自身の宝具威力を15%アップ＆NPを30%チャージした状態でバトルを開始する[最大解放]"
90,"9400870","魔力計","自身に〔キャスター〕クラスへの特攻状態を8%付与","自身に〔キャスター〕クラスへの特攻状態を10%付与[最大解放]"
91,"9400880","愛の霊薬","自身の魅了付与成功率を12%アップ","自身の魅了付与成功率を15%アップ[最大解放]"
92,"9400890","シュトルヒリッター","〔バーサーカー〕クラスが装備した場合宝具威力を15%アップ","〔バーサーカー〕クラスが装備した場合宝具威力を25%アップ[最大解放]"
93,"9400900","阿蘭若","自身のArtsカードの性能を15%アップする(3ターン)","自身のArtsカードの性能を20%アップする(3ターン)[最大解放]"
94,"9400920","モータード・キュイラッシェ","自身に〔ライダー〕クラスへの特攻状態を8%付与","自身に〔ライダー〕クラスへの特攻状態を10%付与[最大解放]"
95,"9400930","ライオンのぬいぐるみ","自身がやられた時に味方全体のHPを800回復する","自身がやられた時に味方全体のHPを1000回復する[最大解放]"
96,"9400940","ルーの光輪","自身のスタン耐性を25%アップ","自身のスタン耐性を30%アップ[最大解放]"
97,"9400950","聖者の依代","自身に弱体無効状態(3回)を付与＆NP獲得量を15%アップする","自身に弱体無効状態(3回)を付与＆NP獲得量を20%アップする[最大解放]"
98,"9400960","千年黄金樹","自身に最大HP上昇効果を毎ターン付与(毎ターン+200・最大+3000)","自身に最大HP上昇効果を毎ターン付与(毎ターン+300・最大+3000)[最大解放]"
99,"9400970","英霊肖像:マシュ・キリエライト","クエストクリア時に得られる絆を50増やす",""
100,"9400980","英霊肖像:アルトリア・ペンドラゴン","クエストクリア時に得られる絆を50増やす",""
101,"9400990","英霊肖像:ジャンヌ・ダルク","クエストクリア時に得られる絆を50増やす",""
102,"9401000","英霊肖像:アルテラ","クエストクリア時に得られる絆を50増やす",""
103,"9401010","英霊肖像:アルジュナ","クエストクリア時に得られる絆を50増やす",""
104,"9401020","英霊肖像:スカサハ","クエストクリア時に得られる絆を50増やす",""
105,"9401030","英霊肖像:牛若丸","クエストクリア時に得られる絆を50増やす",""
106,"9401040","英霊肖像:ヘンリー・ジキル＆ハイド","クエストクリア時に得られる絆を50増やす",""
107,"9401050","英霊肖像:メフィストフェレス","クエストクリア時に得られる絆を50増やす",""
108,"9401060","英霊肖像:ダレイオス三世","クエストクリア時に得られる絆を50増やす",""
109,"9401070","涙のバレンタイン道場","自身に必中状態を付与＆毎ターンNP3%獲得状態を付与＆魅了耐性が10%ダウン【デメリット】","自身に必中状態を付与＆毎ターンNP5%獲得状態を付与[最大解放]＆魅了耐性が10%ダウン【デメリット】"
110,"9401080","キッチン☆パティシエール","自身のスター発生率を15%アップ＆NP獲得量を15%アップ","自身のスター発生率を20%アップ＆NP獲得量を20%アップ[最大解放]"
111,"9401090","ストリート・チョコメイド","自身のQuickカード性能を10%アップ＆Artsカード性能を10%アップ＆HP回復量を20%アップ","自身のQuickカード性能を15%アップ＆Artsカード性能を15%アップ＆HP回復量を30%アップ[最大解放]"
112,"9401100","メルティ・スイートハート","自身に〔男性〕特防状態を100%付与(3回)＆スター発生率を10%アップ","自身に〔男性〕特防状態を100%付与(3回)＆スター発生率を20%アップ[最大解放]"
113,"9800700","カルデアスタンダード","効果なし",""
114,"9800800","クラウンセイバー","効果なし",""
115,"9800900","クラウンセイバー・モルガン","効果なし",""
116,"9801000","牧場のチョコ","効果なし",""
117,"9801100","皇帝チョコ","効果なし",""
118,"9801200","エンローバーフォトン","効果なし",""
119,"9801300","マキシム・ド・シュヴァリエ","効果なし",""
120,"9801400","ヴィクトリーローズ","効果なし",""
121,"9801500","八つ橋チョコ","効果なし",""
122,"9801600","ストロベリーサンダークランチチョコ","効果なし",""
123,"9801700","五月の風","効果なし",""
124,"9801800","アップル・アロー・チョコ","効果なし",""
125,"9801900","へびチョコ（てきとう）","効果なし",""
126,"9802000","タスケテ","効果なし",""
127,"9802100","是非もないチョコ","効果なし",""
128,"9802200","たこたこメイデン","効果なし",""
129,"9802300","ビター・ピッチブラック","効果なし",""
130,"9802400","ワールドエンド・ホワイト","効果なし",""
131,"9802500","氷の叡智チョコ","効果なし",""
132,"9802600","ブランドチョコ","効果なし",""
133,"9802700","名刀薄緑チョコ風味","効果なし",""
134,"9802800","王家の白馬","効果なし",""
135,"9802900","手作りクッキーと物体Ｘ","効果なし",""
136,"9803000","ジョッキボンボン","効果なし",""
137,"9803100","トレジャー・チョコレート","効果なし",""
138,"9803200","クリスマスの思い出","効果なし",""
139,"9803300","メリー☆メリー","効果なし",""
140,"9803400","カボチャメイデン","効果なし",""
141,"9803500","ショコラ・ジュエル","効果なし",""
142,"9803600","重箱洋菓子九重巡り","効果なし",""
143,"9803700","パウダー・シュガー・スノー・テイル","効果なし",""
144,"9803800","へびチョコ（愛を込めて）","効果なし",""
145,"9803900","ドスチョコ・ビター","効果なし",""
146,"9804000","ジャワより愛をこめて","効果なし",""
147,"9804100","ブラッドルビー・チョコレート","効果なし",""
148,"9804200","おかあさんへ","効果なし",""
149,"9804300","ドゥ・スタリオンチョコ","効果なし",""
150,"9804400","リボン付清姫","効果なし",""
151,"9804500","ワンダフル・ライフ","効果なし",""
152,"9804600","ヘキサゴン・チョコボルト","効果なし",""
153,"9804700","st.オルレアン","効果なし",""
154,"9401110","首切りバニー2016","自身に無敵貫通効果を付与＆Quickカードの性能を8%アップ","自身に無敵貫通効果を付与＆Quickカードの性能を10%アップ[最大解放]"
155,"9401120","老成の翁","自身の即死耐性を60%アップ","自身の即死耐性を80%アップ[最大解放]"
156,"9401130","冠位人形師","自身のNPを50%チャージした状態でバトルを開始する＆Artsカードの性能を15%アップ(3ターン)","自身のNPを60%チャージした状態でバトルを開始する＆Artsカードの性能を20%アップ(3ターン)[最大解放]"
157,"9401140","三重結界","自身にダメージを1000カットする状態を付与(3回)","自身にダメージを1200カットする状態を付与(3回)[最大解放]"
158,"9401150","拳舞は鮮やかに","自身に与ダメージプラス800状態を付与","自身に与ダメージプラス1000状態を付与[最大解放]"
159,"9401160","歪曲の魔眼","自身のBusterカードの性能を20%アップ＆防御力を15%ダウン【デメリット】","自身のBusterカードの性能を25%アップ[最大解放]＆防御力を15%ダウン【デメリット】"
160,"9401170","夏の未来視","自身に回避状態を付与(1回)＆自身のスター発生率を15%アップする","自身に回避状態を付与(1回)＆自身のスター発生率を20%アップする[最大解放]"
161,"9401180","リフレイン","自身のスター集中度を300%アップ(3ターン)＆弱体耐性を15%アップ(3ターン)","自身のスター集中度を400%アップ(3ターン)＆弱体耐性を20%アップ(3ターン)[最大解放]"
162,"9401190","スプリンター","自身のQuickカードの性能を5%アップ＆弱体耐性を10%アップ","自身のQuickカードの性能を8%アップ＆弱体耐性を15%アップ[最大解放]"
163,"9401200","リピート・マジック","自身のNPを20%チャージした状態でバトルを開始する＆NP獲得量を10%アップ","自身のNPを30%チャージした状態でバトルを開始する＆NP獲得量を15%アップ[最大解放]"
164,"9804800","概念礼装EXPカード：九字兼定","効果なし",""
165,"9401210","キス・ユア・ハンド","自身のArtsカードの性能を10%アップ＆Busterカードの性能を10%アップ＆Quickカードの性能を10%アップ","自身のArtsカードの性能を12%アップ＆Busterカードの性能を12%アップ＆Quickカードの性能を12%アップ[最大解放]"
166,"9401220","センセイとボク","自身のNPを50%チャージした状態でバトルを開始する＆スター集中度を300%アップ","自身のNPを60%チャージした状態でバトルを開始する＆スター集中度を400%アップ[最大解放]"
167,"9401230","ヴァーサス","自身に〔神性〕特攻状態を80%付与(3ターン)＆〔神性〕特防状態を40%付与(3ターン)","自身に〔神性〕特攻状態を100%付与(3ターン)＆〔神性〕特防状態を50%付与(3ターン)[最大解放]"
168,"9401240","月下の四匹","自身のNP獲得量を12%アップ＆スター発生率を12%アップ＆毎ターンHP200回復状態を付与","自身のNP獲得量を15%アップ＆スター発生率を15%アップ＆毎ターンHP300回復状態を付与[最大解放]"
169,"9401250","グラスフル・スイートタイム","自身に必中状態付与＆与ダメージプラス400状態を付与＆ダメージを200カットする状態を付与","自身に必中状態付与＆与ダメージプラス600状態を付与＆ダメージを300カットする状態を付与[最大解放]"
170,"9401260","サロン・ド・マリー","自身に回避状態を付与(1回)＆HP回復量を5%アップ＆弱体付与成功率を3%アップ","自身に回避状態を付与(1回)＆HP回復量を10%アップ＆弱体付与成功率を5%アップ[最大解放]"
171,"9401270","プリンス・オブ・スレイヤー","自身に毎ターンスター1個獲得状態を付与＆〔竜〕特攻状態を8%付与","自身に毎ターンスター2個獲得状態を付与＆〔竜〕特攻状態を10%付与[最大解放]"
172,"9401280","ノイジー・オブセッション","自身のクリティカル威力を15%アップ＆宝具威力を15%アップ＆魅了付与成功率を12%アップ","自身のクリティカル威力を20%アップ＆宝具威力を20%アップ＆魅了付与成功率を15%アップ[最大解放]"
173,"9401290","Last Encore","自身のArtsカードの性能を10%アップ＆毎ターンスター3個獲得状態を付与",""
174,"9401300","[Heaven's Feel]","自身のQuickカードの性能を10%アップ＆NPを40%チャージした状態でバトルを開始する",""
175,"9401310","理想の王聖","味方全体<控え含む>の最大HPを1000アップ","味方全体<控え含む>の最大HPを1200アップ[最大解放]"
176,"9401320","レコードホルダー","自身の弱体付与成功率を15%アップ","自身の弱体付与成功率を20%アップ[最大解放]"
177,"9401330","波濤の獣","〔ランサー〕クラスが装備した場合宝具威力を15%アップ","〔ランサー〕クラスが装備した場合宝具威力を25%アップ[最大解放]"
178,"9401340","パーソナル・トレーニング","クエストクリア時に得られるマスターEXPを2%増やす","クエストクリア時に得られるマスターEXPを10%増やす[最大解放]"
179,"9401350","カルデアの顕学","自身のNPを30%チャージした状態でバトルを開始する＆HP回復量を20%アップ","自身のNPを50%チャージした状態でバトルを開始する＆HP回復量を30%アップ[最大解放]"
180,"9401360","カルデアを導く乙女","自身に毎ターンスター3個獲得状態を付与＆Busterカードの性能を10%アップ","自身に毎ターンスター4個獲得状態を付与＆Busterカードの性能を15%アップ[最大解放]"
181,"9401370","慈悲無き者","自身がやられた時に味方全体のNPを15%チャージする ＋ 自身のBusterカードの性能を10%アップ","自身がやられた時に味方全体のNPを20%チャージする ＋ 自身のBusterカードの性能を15%アップ[最大解放]"
182,"9401380","毒蛇一芸","自身のArtsカードの性能を30%アップ(3ターン)","自身のArtsカードの性能を40%アップ(3ターン)[最大解放]"
183,"9401390","死の芸術","自身に〔人型〕特攻状態を25%付与","自身に〔人型〕特攻状態を30%付与[最大解放]"
184,"9401400","柔らかな慈愛","自身の与HP回復量を15%アップ","自身の与HP回復量を20%アップ[最大解放]"
185,"9401410","月霊髄液","自身に無敵状態を3回付与＆与ダメージプラス200状態を付与","自身に無敵状態を3回付与＆与ダメージプラス500状態を付与[最大解放]"
186,"9401420","恋知らぬ令嬢","自身に毎ターンNP4%獲得状態を付与＆Quickカードの性能を10%アップ","自身に毎ターンNP5%獲得状態を付与＆Quickカードの性能を12%アップ[最大解放]"
187,"9401430","セルフ・ギアス・スクロール","自身のスタン付与成功率を12%アップ","自身のスタン付与成功率を15%アップ[最大解放]"
188,"9401440","目醒め前","自身の防御力を8%アップ＆Quickカード性能を8%アップ＆Artsカード性能を8%アップ＆Busterカード性能を8%アップ","自身の防御力を10%アップ＆Quickカード性能を10%アップ＆Artsカード性能を10%アップ＆Busterカード性能を10%アップ[最大解放]"
189,"9401450","至るべき場所","自身に毎ターンスター3個獲得状態を付与＆NPを30%チャージした状態でバトルを開始する","自身に毎ターンスター4個獲得状態を付与＆NPを50%チャージした状態でバトルを開始する[最大解放]"
190,"9804900","概念礼装EXPカード：刻印虫","効果なし",""
191,"9300010","星の王冠","アルトリア(セイバー)装備時のみ、自身がフィールドにいる間、味方全体の攻撃力を15%アップ",""
192,"9300020","王の遺物","諸葛孔明(キャスター)装備時のみ、自身がフィールドにいる間、味方全体のBusterカードの性能を15%アップ",""
193,"9300030","串刺し公の凱旋","ヴラド三世(バーサーカー)装備時のみ、自身の宝具威力を30%アップ＆攻撃時に確率で自身のNPを5%増やす",""
194,"9300040","天の啓示","ジャンヌ・ダルク(ルーラー)装備時のみ、自身がフィールドにいる間、味方全体のBusterカードの性能を15%アップ",""
195,"9300050","竜の記憶","アルトリア〔オルタ〕(セイバー)装備時のみ、自身の宝具威力を30%アップ＆攻撃時に確率で敵の防御力を5%ダウン(3ターン)",""
196,"9300060","赤原猟兵","エミヤ(アーチャー)装備時のみ、自身の宝具威力を30%アップ＆攻撃時に確率でスターを5個獲得",""
197,"9300070","雪の城","ヘラクレス(バーサーカー)装備時のみ、自身にガッツ状態(3回・HP500回復)を付与",""
198,"9300080","森なりし聖","クー・フーリン(キャスター)装備時のみ、自身の宝具威力を30%アップ＆攻撃時に確率で自身のHPを500回復",""
199,"9300090","灼熱の抱擁","清姫(バーサーカー)装備時のみ、自身の宝具威力を30%アップ＆攻撃時に確率で敵単体にダメージ500のやけど状態を付与(5ターン)",""
200,"9300100","価値無き宝","マタ・ハリ(アサシン)装備時のみ、自身がフィールドにいる間、味方全体のNP獲得量を15%アップ",""
201,"9300110","永劫の孤独","アルテラ(セイバー)装備時のみ、自身がフィールドにいる間、味方全体の攻撃力を15%アップ",""
202,"9300120","王妃の贈り物","シュヴァリエ・デオン(セイバー)装備時のみ、自身がフィールドにいる間、味方全体のArtsカードの性能を15%アップ",""
203,"9300130","エリクサー","エリザベート(ランサー)装備時のみ、自身がフィールドにいる間、味方全体のHPを毎ターン500回復",""
204,"9300140","わたしの首飾り","マリー・アントワネット(ライダー)装備時のみ、自身がフィールドにいる間、味方全体のスター発生率を20%アップ",""
205,"9300150","彼のくれた杖","マルタ(ライダー)装備時のみ、自身がフィールドにいる間、味方全体のHP回復量を30%アップ",""
206,"9300160","アイアン・メイデン","カーミラ(アサシン)装備時のみ、自身の宝具威力を30%アップ＆攻撃時に極低確率で宝具封印状態を付与(1ターン)",""
207,"9300170","ネコエプロン","タマモキャット(バーサーカー)装備時のみ、自身がフィールドにいる間、味方全体の最大HPを2000増やす",""
208,"9300180","勝利の渇き","ブーディカ(ライダー)装備時のみ、自身がフィールドにいる間、味方全体のスター発生率を20%アップ",""
209,"9300190","親愛なる君へ","アンデルセン(キャスター)装備時のみ、自身がフィールドにいる間、味方全体の弱体耐性を30%アップ",""
210,"9300200","聖なる献身","アーラシュ(アーチャー)装備時のみ、自身がやられた時に自身を除く味方全体のHPを5000回復＆弱体状態を解除",""
211,"9401460","遮那王流離譚","自身のQuickカードの性能を10%アップ ＋ 自身がやられた時に味方全体のQuickカードの性能を20%アップ(1ターン)","自身のQuickカードの性能を15%アップ ＋ 自身がやられた時に味方全体のQuickカードの性能を30%アップ(1ターン)[最大解放]"
212,"9401470","ゴールデン捕鯉魚図","自身のNPを30%チャージした状態でバトルを開始する ＋ 登場時にスターを15個獲得(1回)","自身のNPを50%チャージした状態でバトルを開始する ＋ 登場時にスターを20個獲得(1回)[最大解放]"
213,"9401480","狐の夜の夢","自身のNP獲得量を20%アップ＆毎ターンスター3個獲得状態を付与","自身のNP獲得量を25%アップ＆毎ターンスター4個獲得状態を付与[最大解放]"
214,"9401490","恋談火焔行","自身に〔男性〕特攻状態を25%付与＆弱体付与成功率を12%アップ","自身に〔男性〕特攻状態を30%付与＆弱体付与成功率を15%アップ[最大解放]"
215,"9401500","勧進帳読み上げ","自身に防御弱体無効状態を1回付与","自身に防御弱体無効状態を2回付与[最大解放]"
216,"9300210","王律鍵","ギルガメッシュ(アーチャー)装備時のみ、自身の宝具威力を30%アップ＆攻撃時に確率で自身のクリティカル威力を10%アップ(3ターン)",""
217,"9300220","ゴールデングラス","坂田金時(バーサーカー)装備時のみ、自身の宝具威力を30%アップ＆攻撃時に確率で自身のNPを5%増やす",""
218,"9300230","万雷の喝采","ネロ(セイバー)装備時のみ、自身がフィールドにいる間、味方全体のArtsカード性能を15%アップ",""
219,"9300240","ラインの黄金","ジークフリート(セイバー)装備時のみ、自身がフィールドにいる間、味方全体のNP獲得量を15%アップ",""
220,"9300250","女神のきらめき","ステンノ(アサシン)装備時のみ、自身がフィールドにいる間、味方全体のQuickカード性能を15%アップ",""
221,"9300260","花の船出","アルトリア〔リリィ〕(セイバー)装備時のみ、自身がフィールドにいる間、味方全体の攻撃力を10%アップ＆スター発生率を10%アップ",""
222,"9300270","契約の箱","ダビデ(アーチャー)装備時のみ、自身の宝具威力を30%アップ＆攻撃時に極低確率で敵に即死効果",""
223,"9300280","バビロンへの扉","ダレイオス三世(バーサーカー)装備時のみ、自身がフィールドにいる間、味方全体のBusterカードの性能を15%アップ",""
224,"9300290","血を啜る斧","エイリーク(バーサーカー)装備時のみ、自身がフィールドにいる間、味方全体のクリティカル威力を25%アップ",""
225,"9300300","叛逆せよ","スパルタクス(バーサーカー)装備時のみ、自身にガッツ状態(1回・HP50%回復)を付与",""
226,"9401510","Go West!!","自身の宝具威力を20%アップ＆毎ターンスター3個獲得状態を付与","自身の宝具威力を25%アップ＆毎ターンスター4個獲得状態を付与[最大解放]"
227,"9401520","英雄風采 三英傑","自身の宝具威力を15%アップ＆スター発生率を15%アップ＆NPを25%チャージした状態でバトルを開始する","自身の宝具威力を20%アップ＆スター発生率を20%アップ＆NPを40%チャージした状態でバトルを開始する[最大解放]"
228,"9401550","三昧真火","自身の宝具威力を15%アップ＆Busterカード性能を8%アップ","自身の宝具威力を20%アップ＆Busterカード性能を10%アップ[最大解放]"
229,"9401560","三色兼備","自身のスター集中度を100%アップ＆クリティカル威力を5%アップ","自身のスター集中度を200%アップ＆クリティカル威力を10%アップ[最大解放]"
230,"9300310","トライスター・ベルト","オリオン(アーチャー)装備時のみ、自身がフィールドにいる間、味方全体のクリティカル威力を25%アップ",""
231,"9300320","黄金の舵","ドレイク(ライダー)装備時のみ、自身がフィールドにいる間、味方全体の宝具威力を20%アップ",""
232,"9300330","黒騎士の兜","ランスロット(バーサーカー)装備時のみ、自身の宝具威力を30%アップ＆攻撃時に確率で敵にクリティカル発生率をダウン(3ターン)",""
233,"9300340","黄金のリンゴ","アタランテ(アーチャー)装備時のみ、自身がフィールドにいる間、味方全体のQuickカード性能を15%アップ",""
234,"9300350","カボチャの聖杯","エリザベート〔ハロウィン〕(キャスター)装備時のみ、自身がフィールドにいる間、味方全体の弱体耐性を30%アップ",""
235,"9300360","回転式火縄銃","織田信長(アーチャー)装備時のみ、自身がフィールドにいる間、味方全体のクリティカル威力を25%アップ",""
236,"9300370","ラムレイ二号","アルトリア〔サンタオルタ〕(ライダー)装備時のみ、自身がフィールドにいる間、味方全体のスター発生率を20%アップ",""
237,"9300380","心を留めるもの","ジキル(アサシン)＆ハイド(バーサーカー)装備時のみ、自身がフィールドにいる間、味方全体のBusterカード性能を15%アップ",""
238,"9300390","在りし日の栄光","ティーチ(ライダー)装備時のみ、自身がフィールドにいる間、味方全体のBusterカード性能を15%アップ",""
239,"9300400","山中の天","佐々木小次郎(アサシン)装備時のみ、自身がフィールドにいる間、味方全体のQuickカード性能を15%アップ",""
240,"9401530","風雲仙姫","自身がやられた時に味方全体の防御力を20%アップ(3ターン)","自身がやられた時に味方全体の防御力を25%アップ(3ターン)[最大解放]"
241,"9401540","九首牛魔羅王","自身の登場時に一度だけ味方全体のBusterカード性能を10%アップ(3ターン)","自身の登場時に一度だけ味方全体のBusterカード性能を15%アップ(3ターン)[最大解放]"
242,"9401710","パーソナル・レッスン","クエストクリア時に得られる魔術礼装EXPを2%増やす","クエストクリア時に得られる魔術礼装EXPを10%増やす[最大解放]"
243,"9401570","ブロンズリンク・マニピュレーター","自身の攻撃力を15%アップ(3ターン)","自身の攻撃力を20%アップ(3ターン)[最大解放]"
244,"9401580","アトゴウラ","自身のQuickカード性能を10%アップ＆防御力を10%ダウン【デメリット】","自身のQuickカード性能を15%アップ＆防御力を10%ダウン【デメリット】[最大解放]"
245,"9401600","過ぎ去りし夢","〔アサシン〕クラスが装備した場合宝具威力を15%アップ","〔アサシン〕クラスが装備した場合宝具威力を25%アップ[最大解放]"
246,"9401610","激辛麻婆豆腐","自身のHP回復量を10%アップ","自身のHP回復量を20%アップ[最大解放]"
247,"9401620","宝石剣ゼルレッチ","自身のNP獲得量を5%アップ＆NPを25%チャージした状態でバトルを開始する","自身のNP獲得量を10%アップ＆NPを40%チャージした状態でバトルを開始する[最大解放]"
248,"9300410","たまも倶楽部","玉藻の前(キャスター)装備時のみ、自身がフィールドにいる間、味方全体のArtsカード性能を15%アップ",""
249,"9300420","覚悟の鉢金","沖田総司(セイバー)装備時のみ、自身がフィールドにいる間、味方全体のクリティカル威力を25%アップ",""
250,"9300430","キャリコ・ジャック","アン＆メアリー(ライダー)装備時のみ、自身がフィールドにいる間、味方全体のクリティカル威力を25%アップ",""
251,"9300440","魔境に臨みて","スカサハ(ランサー)装備時のみ、自身がフィールドにいる間、味方全体のQuickカード性能を15%アップ",""
252,"9300450","預言の星","クー・フーリン(ランサー)装備時のみ、自身の宝具威力を30%アップ＆攻撃時に確率で自身のクリティカル威力を10%アップ(3ターン)",""
253,"9300460","ヘカテの錫杖","メディア(キャスター)装備時のみ、自身がフィールドにいる間、味方全体のArtsカード性能を15%アップ",""
254,"9300470","カタチのない島","メドゥーサ(ライダー)装備時のみ、自身がフィールドにいる間、味方全体のNP獲得量を15%アップ",""
255,"9300480","賢者の樽","アレキサンダー(ライダー)装備時のみ、自身がフィールドにいる間、味方全体のQuickカード性能を15%アップ",""
256,"9300490","シャイタンの腕","呪腕のハサン(アサシン)装備時のみ、自身がフィールドにいる間、味方全体の即死付与成功率を20%アップ",""
257,"9300500","アリアドネの糸","アステリオス(バーサーカー)装備時のみ、自身がフィールドにいる間、味方全体のQuickカード性能を15%アップ",""
258,"9401630","花より団子","自身のQuickカード性能を15%アップ＆宝具威力を15%アップ","自身のQuickカード性能を20%アップ＆宝具威力を20%アップ[最大解放]"
259,"9401660","忠犬待ったなし","自身のArtsカード性能を8%アップ＆NP獲得量を15%アップ","自身のArtsカード性能を10%アップ＆NP獲得量を20%アップ[最大解放]"
260,"9401650","秘剣・雉子返し","自身のQuickカード性能を3%アップ＆クリティカル威力を8%アップ","自身のQuickカード性能を5%アップ＆クリティカル威力を10%アップ[最大解放]"
261,"9401640","ゴールデン相撲～岩場所～","自身の攻撃力を10%アップ＆NPを30%チャージした状態でバトルを開始する","自身の攻撃力を15%アップ＆NPを50%チャージした状態でバトルを開始する[最大解放]"
262,"9401670","月の湯治","自身のクリティカル威力を20%アップ＆毎ターンスターを3個獲得する状態を付与","自身のクリティカル威力を25%アップ＆毎ターンスターを4個獲得する状態を付与[最大解放]"
263,"9401680","起源弾","自身に無敵貫通状態を付与＆〔キャスター〕クラスへの特攻状態を35%付与","自身に無敵貫通状態を付与＆〔キャスター〕クラスへの特攻状態を40%付与[最大解放]"
264,"9401690","援護射撃","自身に与ダメージプラス400状態を付与＆クリティカル威力を15%アップ","自身に与ダメージプラス600状態を付与＆クリティカル威力を20%アップ[最大解放]"
265,"9401700","カムランの戦い","自身がやられた時に味方全体のNPを10%チャージする","自身がやられた時に味方全体のNPを15%チャージする[最大解放]"
266,"9300510","私は誰だ？","モードレッド(セイバー)装備時のみ、自身がフィールドにいる間、味方全体の宝具威力を20%アップ",""
267,"9300520","霧夜の倫敦","ジャック・ザ・リッパー(アサシン)装備時のみ、自身がフィールドにいる間、味方全体のクリティカル威力を25%アップ",""
268,"9300530","ワンダーランド","ナーサリーライム(キャスター)装備時のみ、自身がフィールドにいる間、味方全体のクリティカル威力を15%アップ＆HP回復量を10%アップ",""
269,"9300540","顔の無い王","ロビンフッド(アーチャー)装備時のみ、自身がフィールドにいる間、味方全体のArtsカード性能を15%アップ",""
270,"9300550","薄緑","牛若丸(ライダー)装備時のみ、自身がフィールドにいる間、味方全体のQuickカード性能を15%アップ",""
271,"9300560","九賓の礼","荊軻(アサシン)装備時のみ、自身の宝具威力を30%アップ＆攻撃時に確率で自身の即死付与率を10%アップ(3ターン)",""
272,"9300570","方天画戟","呂布奉先(バーサーカー)装備時のみ、自身がフィールドにいる間、味方全体のBusterカード性能を15%アップ",""
273,"9300580","残せるもの","ゲオルギウス(ライダー)装備時のみ、自身がやられた時に自身を除く味方全体に無敵状態(1回)を付与＆被ダメージを1000減らす状態を付与(3ターン)",""
274,"9300590","熱き門","レオニダス(ランサー)装備時のみ、自身がフィールドにいる間、味方全体のBusterカード性能を15%アップ",""
275,"9300600","ハイドン・セット","アマデウス(キャスター)装備時のみ、自身がフィールドにいる間、味方全体の宝具威力を20%アップ",""
276,"9401720","アニバーサリー・ヒロインズ","自身の攻撃力を10%アップ＆毎ターンスター3個獲得状態を付与",""
277,"9401730","足どりは軽やかに","自身のスター集中度を400%アップ＆Artsカード性能を10%アップ","自身のスター集中度を600%アップ＆Artsカード性能を15%アップ[最大解放]"
278,"9401740","王の相伴","自身のBusterカード性能を10%アップ＆NPを50%チャージした状態でバトルを開始する","自身のBusterカード性能を15%アップ＆NPを60%チャージした状態でバトルを開始する[最大解放]"
279,"9401750","ゴールドフィッシュ・スクーピング","自身に必中状態を付与＆Busterカード性能を8%アップ","自身に必中状態を付与＆Busterカード性能を10%アップ[最大解放]"
280,"9401760","ファイヤーフラワー","自身のスター発生率を5%アップ＆クリティカル威力を5%アップ","自身のスター発生率を10%アップ＆クリティカル威力を10%アップ[最大解放]"
281,"9300610","雷電の手","ニコラ・テスラ(アーチャー)装備時のみ、自身がフィールドにいる間、味方全体の宝具威力を20%アップ",""
282,"9300620","授かりの英雄","アルジュナ(アーチャー)装備時のみ、自身の宝具威力を30%アップ＆スター集中度を1000%アップ",""
283,"9300630","貧者の一灯","カルナ(ランサー)装備時のみ、自身がフィールドにいる間、味方全体のQuickカード性能を8%アップ＆Artsカード性能を8%アップ＆Busterカード性能を8%アップ",""
284,"9300640","人間への道程","フランケンシュタイン(バーサーカー)装備時のみ、自身がフィールドにいる間、味方全体のQuickカード性能を15%アップ",""
285,"9300650","黒の兜","アルトリアオルタ(ランサー)装備時のみ、自身がフィールドにいる間、味方全体のNP獲得量を15%アップ",""
286,"9300660","ガリア戦記","カエサル(セイバー)装備時のみ、自身がフィールドにいる間、味方全体のQuickカード性能を15%アップ",""
287,"9300670","ローマ","ロムルス(ランサー)装備時のみ、自身がフィールドにいる間、味方全体の宝具威力を20%アップ",""
288,"9300680","五条大橋の邂逅","武蔵坊弁慶(ランサー)装備時のみ、自身がフィールドにいる間、味方全体の被ダメージ時に獲得するNP獲得量を20%増やす",""
289,"9300690","穢れし死の仮面","ファントム(アサシン)装備時のみ、自身がフィールドにいる間、味方全体のQuickカード性能を15%アップ",""
290,"9300700","すごく便利","シェイクスピア(キャスター)装備時のみ、自身がフィールドにいる間、味方全体のNP獲得量を15%アップ",""
291,"9401770","パイレーツ・パーティー！","自身に無敵貫通状態を付与＆毎ターンスター3個獲得状態を付与","自身に無敵貫通状態を付与＆毎ターンスター4個獲得状態を付与[最大解放]"
292,"9401780","サマータイム・ミストレス","自身のクリティカル威力を15%アップ＆NPを30%チャージした状態でバトルを開始する","自身のクリティカル威力を20%アップ＆NPを50%チャージした状態でバトルを開始する[最大解放]"
293,"9401790","トワイライト・メモリー","自身に回避状態を付与(1回)＆Quickカード性能を8%アップ","自身に回避状態を付与(1回)＆Quickカード性能を10%アップ[最大解放]"
294,"9401800","シャイニー・ゴッデス","自身の防御力を3%アップ＆Artsカード性能を3%アップ","自身の防御力を5%アップ＆Artsカード性能を5%アップ[最大解放]"
295,"9401810","ナイツ・オブ・マリーンズ","自身のQuickカードの性能を10%アップ＆NPを50%チャージした状態でバトルを開始する","自身のQuickカードの性能を15%アップ＆NPを60%チャージした状態でバトルを開始する[最大解放]"
296,"9401820","カルデア・ライフセーバーズ","自身にガッツ状態(1回・HP1回復)を付与＆NP獲得量を15%アップ","自身にガッツ状態(1回・HP1回復)を付与＆NP獲得量を20%アップ[最大解放]"
297,"9401830","ミートウォーズ","自身に毎ターンHP200回復状態を付与＆Artsカード性能を8%アップ","自身に毎ターンHP300回復状態を付与＆Artsカード性能を10%アップ[最大解放]"
298,"9401840","虚影の塵風かき氷","自身にダメージを100カットする状態を付与＆弱体耐性を5%アップ","自身にダメージを200カットする状態を付与＆弱体耐性を10%アップ[最大解放]"
299,"9300710","殲滅リスト","謎のヒロインX(アサシン)装備時のみ、自身がフィールドにいる間、味方全体に〔セイバー〕特攻状態を20%付与",""
300,"9300720","消えざる炎","ブリュンヒルデ(ランサー)装備時のみ、自身がフィールドにいる間、味方全体のBusterカード性能を10%アップ＆NP獲得量を10%アップ",""
301,"9300730","月桂樹の指輪","ネロ・クラウディウス〔ブライド〕(セイバー)装備時のみ、自身がフィールドにいる間、味方全体のArtsカード性能を15%アップ",""
302,"9300740","最後の戦い","ベオウルフ(バーサーカー)装備時のみ、自身がフィールドにいる間、味方全体に〔竜〕特攻状態を20%付与",""
303,"9300750","智慧の魚","フィン・マックール(ランサー)装備時のみ、自身がフィールドにいる間、味方全体のArtsカード性能を10%アップ＆宝具威力を10%アップ",""
304,"9300760","螺湮城教本","ジル・ド・レェ(セイバー)装備時のみ、自身がフィールドにいる間、味方全体のBusterカード性能を20%アップ＆弱体耐性を20%ダウン【デメリット】",""
305,"9300770","寄生爆弾蟲","メフィストフェレス(キャスター)装備時のみ、自身がフィールドにいる間、味方全体の宝具威力を20%アップ",""
306,"9300780","勇士の滾り","フェルグス(セイバー)装備時のみ、自身がフィールドにいる間、味方全体のBusterカード性能を10%アップ＆宝具威力を10%アップ",""
307,"9300790","忌まわしきは我が人生","サンソン(アサシン)装備時のみ、自身がフィールドにいる間、味方全体の即死付与成功率を10%アップ＆NP獲得量を10%アップ",""
308,"9300800","愛、此処にはなく","カリギュラ(バーサーカー)装備時のみ、自身がフィールドにいる間、味方全体のBusterカード性能を20%アップ＆防御力を10%ダウン【デメリット】",""
309,"9401850","蒼玉の魔法少女","自身のNP獲得量を25%アップ＆NPを40%チャージした状態でバトルを開始する","自身のNP獲得量を30%アップ＆NPを50%チャージした状態でバトルを開始する[最大解放]"
310,"9401860","見敵必殺","自身のArtsカード性能を8%アップ＆宝具威力を15%アップ","自身のArtsカード性能を10%アップ＆宝具威力を20%アップ[最大解放]"
311,"9401870","ずんがずんが！","自身にダメージを100カットする状態を付与＆HP回復量を5%アップ","自身にダメージを200カットする状態を付与＆HP回復量を10%アップ[最大解放]"
312,"9401890","カレイドルビー","自身のBusterカード性能を10%アップ＆宝具威力を8%アップ","自身のBusterカード性能を15%アップ＆宝具威力を10%アップ[最大解放]"
313,"9401880","カレイドサファイア","自身のArtsカード性能を10%アップ＆宝具威力を8%アップ","自身のArtsカード性能を15%アップ＆宝具威力を10%アップ[最大解放]"
314,"9401910","概念礼装EXPカード：マジカルルビー","効果なし",""
315,"9300810","無我識　心空妙有","両儀式(セイバー)装備時のみ、自身がフィールドにいる間、味方全体のArtsカード性能を15%アップ",""
316,"9300820","天草四郎陣中旗","天草四郎(ルーラー)装備時のみ、自身がフィールドにいる間、味方全体に〔死霊と悪魔〕特攻状態20%を付与",""
317,"9300830","シャトー・ディフ","巌窟王 エドモン・ダンテス(アヴェンジャー)装備時のみ、自身がフィールドにいる間、味方全体のQuickカード性能を15%アップ",""
318,"9300840","無限のパンケーキ","メディア〔リリィ〕(キャスター)装備時のみ、自身がフィールドにいる間、味方全体のHP回復量を30%アップ",""
319,"9300850","赤いジャンパー","両儀式(アサシン)装備時のみ、自身がフィールドにいる間、味方全体の即死付与成功率を30%アップ",""
320,"9300860","この世ならざる幻馬","アストルフォ(ライダー)装備時のみ、自身の宝具威力を30%アップ＆自身の登場時に味方全体に回避状態(1回)を付与",""
321,"9300870","友からの手紙","ジル・ド・レェ(キャスター)装備時のみ、自身がフィールドにいる間、味方全体のBusterカード性能を20%アップ＆スター発生率を20%ダウン【デメリット】",""
322,"9300880","クランの猛犬","クー・フーリン〔プロトタイプ〕(ランサー)装備時のみ、自身がフィールドにいる間、味方全体に〔猛獣〕特攻状態を20%付与",""
323,"9300890","女神のきらめき","エウリュアレ(アーチャー)装備時のみ、自身がフィールドにいる間、味方全体のArtsカード性能を15%アップ",""
324,"9300900","英雄の武装","ヘクトール(ランサー)装備時のみ、自身がフィールドにいる間、味方全体の宝具威力を20%アップ",""
325,"9401920","誉れを此処に","自身の宝具威力を15%アップ＆クリティカル威力を15%アップ＆毎ターンスターを3個獲得する状態を付与","自身の宝具威力を20%アップ＆クリティカル威力を20%アップ＆毎ターンスターを4個獲得する状態を付与[最大解放]"
326,"9401930","原初のレギオン","自身の防御力を8%アップ＆宝具威力を15%アップ","自身の防御力を10%アップ＆宝具威力を20%アップ[最大解放]"
327,"9401940","月に吼える","自身のBusterカード性能を10%アップ＆弱体耐性を20%ダウン【デメリット】","自身のBusterカード性能を15%アップ＆弱体耐性を20%ダウン【デメリット】[最大解放]"
328,"9401950","白薔薇の姫","自身にガッツ状態を付与(1回・HP1回復)＆NPを10%チャージした状態でバトルを開始する","自身にガッツ状態を付与(1回・HP1回復)＆NPを20%チャージした状態でバトルを開始する[最大解放]"
329,"9401960","ジョイント・リサイタル","自身のBusterカード性能を15%アップ＆クリティカル威力を15%アップ","自身のBusterカード性能を20%アップ＆クリティカル威力を20%アップ[最大解放]"
330,"9401970","カルデア・ランチタイム","クエストクリア時に得られる絆を2%増やす","クエストクリア時に得られる絆を10%増やす[最大解放]"
331,"9402040","フラガラック","自身のスター集中度を200%アップ","自身のスター集中度を300%アップ[最大解放]"
332,"9402050","天の逆月","自身に毎ターンスター1個獲得状態を付与＆弱体耐性を5%アップ","自身に毎ターンスター2個獲得状態を付与＆弱体耐性を10%アップ[最大解放]"
333,"9401590","ヒュドラ・ダガー","自身の即死付与成功率を5%アップ","自身の即死付与成功率を10%アップ[最大解放]"
334,"9300910","不撓不屈","ナイチンゲール(バーサーカー)装備時のみ、自身がフィールドにいる間、味方全体のBusterカード性能を10%アップ＆HP回復量を20%アップ",""
335,"9300920","たった一人の戦争","クー・フーリン〔オルタ〕(バーサーカー)装備時のみ、自身の宝具威力を30%アップ＆ガッツ状態(1回・HP20%回復)を付与",""
336,"9300930","聖なる泉","女王メイヴ(ライダー)装備時のみ、自身がフィールドにいる間、味方全体のNP獲得量を15%アップ",""
337,"9300940","不滅なる刃","ラーマ(セイバー)装備時のみ、自身がフィールドにいる間、味方全体のクリティカル威力を25%アップ",""
338,"9300950","隠された女神","エレナ・ブラヴァツキー(キャスター)装備時のみ、自身がフィールドにいる間、味方全体に〔アサシン〕特攻状態を20%付与",""
339,"9300960","文明の灯火","トーマス・エジソン(キャスター)装備時のみ、自身がフィールドにいる間、味方全体のNP獲得量を15%アップ",""
340,"9300970","技量、神域に達する","李書文(ランサー)装備時のみ、自身がフィールドにいる間、味方全体のArtsカード性能を15%アップ",""
341,"9300980","騎士の誓い","ディルムッド・オディナ(ランサー)装備時のみ、自身がフィールドにいる間、味方全体のQuickカード性能を10%アップ＆Artsカード性能を10%アップ",""
342,"9300990","エレメンタル","ヴァン・ホーエンハイム・パラケルスス(キャスター)装備時のみ、自身がフィールドにいる間、味方全体のArtsカード性能を10%アップ＆宝具威力を10%アップ",""
343,"9301000","真・階差機関","チャールズ・バベッジ(キャスター)装備時のみ、自身がフィールドにいる間、味方全体のBusterカード性能を20%アップ＆防御力を10%ダウン【デメリット】",""
344,"9401980","デンジャラス・ビースト","自身のQuickカード性能を15%アップ＆毎ターンスター3個獲得状態を付与","自身のQuickカード性能を20%アップ＆毎ターンスター4個獲得状態を付与[最大解放]"
345,"9401990","月夜の魔女","自身のArtsカードの性能を10%アップ＆NP獲得量を5%アップ","自身のArtsカードの性能を15%アップ＆NP獲得量を10%アップ[最大解放]"
346,"9402000","ロマニ・アーキマン伯爵の歓待","自身のNP獲得量を5%アップ＆防御力を3%アップ","自身のNP獲得量を10%アップ＆防御力を5%アップ[最大解放]"
347,"9402010","勇者エリちゃんの冒険","自身のBusterカード性能を10%アップ＆宝具威力を20%アップ","自身のBusterカード性能を15%アップ＆宝具威力を25%アップ[最大解放]"
348,"9402020","ウィザード＆プリースト","自身の宝具威力を15%アップ＆HP回復量を10%アップ","自身の宝具威力を20%アップ＆HP回復量を20%アップ[最大解放]"
349,"9402030","マタ・ハリの酒場","自身のQuickカードの性能を2%アップ＆Artsカードの性能を2%アップ＆Busterカードの性能を2%アップ＆クリティカル威力を5%アップ","自身のQuickカードの性能を3%アップ＆Artsカードの性能を3%アップ＆Busterカードの性能を3%アップ＆クリティカル威力を10%アップ[最大解放]"
350,"9301010","焔刑の地獄","ジャンヌ・ダルク〔オルタ〕(アヴェンジャー)装備時のみ、自身がフィールドにいる間、味方全体のBusterカード性能を15%アップ",""
351,"9301020","ゴルディアスの結び目","イスカンダル(ライダー)装備時のみ、自身がフィールドにいる間、味方全体の攻撃力を15%アップ",""
352,"9301030","白竜","玄奘三蔵(キャスター)装備時のみ、自身がフィールドにいる間、味方全体のBusterカード性能を20%アップ＆防御力を10%ダウン【デメリット】",""
353,"9301040","陽の差さぬ此処へ","エミヤ(アサシン)装備時のみ、自身がフィールドにいる間、味方全体のQuickカード性能を10%アップ＆Artsカード性能を10%アップ",""
354,"9301050","天の衣","アイリスフィール〔天の衣〕(キャスター)装備時のみ、自身がフィールドにいる間、味方全体のHP回復量を30%アップ",""
355,"9301060","黄金律の発露","子ギル(アーチャー)装備時のみ、自身がフィールドにいる間、味方全体のNP獲得量を15%アップ",""
356,"9301070","この大地の精霊","ジェロニモ(キャスター)装備時のみ、自身がフィールドにいる間、味方全体のNP獲得量を15%アップ",""
357,"9301080","銃を拝見","ビリー・ザ・キッド(アーチャー)装備時のみ、自身がフィールドにいる間、味方全体のクリティカル威力を25%アップ",""
358,"9301090","百人蔵書","百貌のハサン(アサシン)装備時のみ、自身がフィールドにいる間、味方全体のQuickカード性能を8%アップ＆Artsカード性能を8%アップ＆Busterカード性能を8%アップ",""
359,"9301100","最後の欠片","アンリマユ(アヴェンジャー)装備時のみ、自身に〔ビースト〕クラスに対する攻撃優位状態を付与＆ガッツ状態(HP20%回復、1回)を付与",""
360,"9301110","Fate/EXTELLA","自身のクリティカル威力を15%アップ＆毎ターンスター3個獲得状態を付与",""
361,"9301120","霊子肖像:ネロ・クラウディウス","クエストクリア時に得られるマスターEXPを50増やす",""
362,"9301170","霊子肖像:無銘","クエストクリア時に得られるマスターEXPを50増やす",""
363,"9301130","霊子肖像:玉藻の前","クエストクリア時に得られるマスターEXPを50増やす",""
364,"9301160","霊子肖像:カルナ","クエストクリア時に得られるマスターEXPを50増やす",""
365,"9301140","霊子肖像:アルテラ","クエストクリア時に得られるマスターEXPを50増やす",""
366,"9301150","霊子肖像:ギルガメッシュ","クエストクリア時に得られるマスターEXPを50増やす",""
367,"9301180","神便鬼毒酒","酒呑童子(アサシン)装備時のみ、自身がフィールドにいる間、味方全体のQuickカード性能を10%アップ＆Artsカード性能を10%アップ",""
368,"9301190","童子切安綱","源頼光(バーサーカー)装備時のみ、自身がフィールドにいる間、味方全体のBusterカード性能を10%アップ＆クリティカル威力を15%アップ",""
369,"9301200","ラムセウム","オジマンディアス(ライダー)装備時のみ、自身がフィールドにいる間、味方全体のArtsカード性能を10%アップ＆Busterカード性能を10%アップ",""
370,"9301210","骨刀（無銘）","茨木童子(バーサーカー)装備時のみ、自身がフィールドにいる間、味方全体のBusterカード性能を20%アップ＆防御力を10%ダウン【デメリット】",""
371,"9301220","ゴールデンベアー号","坂田金時(ライダー)装備時のみ、自身がフィールドにいる間、味方全体のスター発生率を20%アップ",""
372,"9301230","グリンガレット","ガウェイン(セイバー)装備時のみ、自身がフィールドにいる間、味方全体のBusterカード性能を15%アップ",""
373,"9301240","ただ一度の嘘","トリスタン(アーチャー)装備時のみ、自身がフィールドにいる間、味方全体のクリティカル威力を25%アップ",""
374,"9301250","行使されざる王権","ニトクリス(キャスター)装備時のみ、自身がフィールドにいる間、味方全体のNP獲得量を10%アップ＆宝具威力を10%アップ",""
375,"9301260","鬼の面","風魔小太郎(アサシン)装備時のみ、自身がフィールドにいる間、味方全体のQuickカード性能を15%アップ",""
376,"9301270","炊けども尽きぬ","俵藤太(アーチャー)装備時のみ、自身がフィールドにいる間、味方全体のHPを毎ターン500回復",""
377,"9301280","王の馬","アルトリア(ランサー)装備時のみ、自身がフィールドにいる間、味方全体の攻撃力を10%アップ＆宝具威力を10%アップ",""
378,"9301290","万能の智、根底の知","レオナルド・ダ・ヴィンチ(キャスター)装備時のみ、自身がフィールドにいる間、味方全体の宝具威力を20%アップ",""
379,"9301300","サンセット・ビーチ","玉藻の前(ランサー)装備時のみ、自身がフィールドにいる間、味方全体のQuickカード性能を10%アップ＆Busterカード性能を10%アップ",""
380,"9301310","湖の乙女","ランスロット(セイバー)装備時のみ、自身がフィールドにいる間、味方全体のNP獲得量を10%アップ＆クリティカル威力を10%アップ",""
381,"9301320","夏の思い出","マリー・アントワネット(キャスター)装備時のみ、自身がフィールドにいる間、味方全体のクリティカル威力を25%アップ",""
382,"9301330","ただいま入浴中！","アン・ボニー＆メアリー・リード(アーチャー)装備時のみ、自身がフィールドにいる間、味方全体のArtsカード性能を10%アップ＆Busterカード性能を10%アップ",""
383,"9301340","プリドゥエン","モードレッド(ライダー)装備時のみ、自身がフィールドにいる間、味方全体の宝具威力を20%アップ",""
384,"9301350","砂浜ラブレター（恐怖）","清姫(ランサー)装備時のみ、自身がフィールドにいる間、味方全体のBusterカード性能を20%アップ＆防御力を10%ダウン【デメリット】",""
385,"9301360","失われた右腕","ベディヴィエール(セイバー)装備時のみ、自身がフィールドにいる間、味方全体のBusterカード性能を10%アップ＆NP獲得量を10%アップ",""
386,"9301370","存在の証明","静謐のハサン(アサシン)装備時のみ、自身がフィールドにいる間、味方全体のQuickカード性能を15%アップ",""
387,"9402070","静穏なひと時","自身のQuickカード性能を10%アップ＆Artsカード性能を10%アップ＆NP獲得量を10%アップ","自身のQuickカード性能を15%アップ＆Artsカード性能を15%アップ＆NP獲得量を15%アップ[最大解放]"
388,"9402160","聖夜の読書","自身のNP獲得量を15%アップ＆宝具威力を15%アップ","自身のNP獲得量を20%アップ＆宝具威力を20%アップ[最大解放]"
389,"9402080","聖者の招待","自身の防御力を3%アップ＆ダメージを100カットする状態を付与","自身の防御力を5%アップ＆ダメージを200カットする状態を付与[最大解放]"
390,"9402090","聖夜の晩餐","自身のNPを30%チャージした状態でバトルを開始する＆クリティカル威力を10%アップ＆宝具威力を10%アップ","自身のNPを50%チャージした状態でバトルを開始する＆クリティカル威力を15%アップ＆宝具威力を15%アップ[最大解放]"
391,"9301380","チャンピオンカップ","アルトリア(アーチャー)装備時のみ、自身がフィールドにいる間、味方全体の攻撃力を15%アップ",""
392,"9301390","夢幻召喚（インストール）","イリヤスフィール(キャスター)装備時のみ、自身がフィールドにいる間、味方全体のQuickカード性能を8%アップ＆Artsカード性能を8%アップ＆Busterカード性能を8%アップ",""
393,"9301400","運命の蛇","クレオパトラ(アサシン)装備時のみ、自身がフィールドにいる間、味方全体の宝具威力を25%アップ＆防御力を10%ダウン【デメリット】",""
394,"9301410","ホーリー・ナックル","マルタ(ルーラー)装備時のみ、自身がフィールドにいる間、味方全体のBusterカード性能を15%アップ",""
395,"9301420","最低限のたしなみ","スカサハ(アサシン)装備時のみ、自身がフィールドにいる間、味方全体のQuickカード性能を15%アップ",""
396,"9301430","痛覚共有","クロエ・フォン・アインツベルン(アーチャー)装備時のみ、自身がフィールドにいる間、味方全体のクリティカル威力を30%アップ＆毎ターンHPが200減少する状態を付与【デメリット】",""
397,"9301440","地の底の信仰","ヴラド三世〔EXTRA〕(ランサー)装備時のみ、自身がフィールドにいる間、味方全体のQuickカード性能を10%アップ＆Busterカード性能を10%アップ",""
398,"9301450","ハロウィンへの招待状","エリザベート・バートリー〔ブレイブ〕(セイバー)装備時のみ、自身がフィールドにいる間、味方全体のBusterカード性能を20%アップ＆防御力を10%ダウン【デメリット】",""
399,"9301460","First Order","クエストクリア時に得られる魔術礼装EXPを50増やす",""
400,"9402100","魔性菩薩","自身のNPを50%チャージした状態でバトルを開始する＆宝具使用時にチャージ段階を2段階分上げる(1回)","自身のNPを60%チャージした状態でバトルを開始する＆宝具使用時にチャージ段階を2段階分上げる(1回)[最大解放]"
401,"9402110","ルームガーダー","自身のスター集中度を300%アップ＆ダメージを300カットする状態を付与","自身のスター集中度を400%アップ＆ダメージを400カットする状態を付与[最大解放]"
402,"9402120","ミラクル求道者","〔神性〕特性を持つサーヴァントが装備した場合宝具威力を15%アップ","〔神性〕特性を持つサーヴァントが装備した場合宝具威力を25%アップ[最大解放]"
403,"9301470","七頭の戦鎚シタ","イシュタル(アーチャー)装備時のみ、自身がフィールドにいる間、味方全体のBusterカード性能を20%アップ＆弱体耐性を20%ダウン【デメリット】",""
404,"9301480","フワワの花","エルキドゥ(ランサー)装備時のみ、自身がフィールドにいる間、味方全体のHPを毎ターン500回復",""
405,"9301490","ピエドラ・デル・ソル","ケツァル・コアトル(ライダー)装備時のみ、自身がフィールドにいる間、味方全体のArtsカード性能を10%アップ＆Busterカード性能を10%アップ",""
406,"9301500","海への扉","ジャンヌ・ダルク・オルタ・サンタ・リリィ(ランサー)装備時のみ、自身がフィールドにいる間、味方全体のHP回復量を30%アップ",""
407,"9301510","天命の粘土板","ギルガメッシュ(キャスター)装備時のみ、自身がフィールドにいる間、味方全体の宝具威力を20%アップ",""
408,"9301520","クリューサーオール","ゴルゴーン(アヴェンジャー)装備時のみ、自身がフィールドにいる間、味方全体のBusterカード性能を10%アップ＆NP獲得量を10%アップ",""
409,"9301530","ありえざる明日","メドゥーサ(ランサー)装備時のみ、自身がフィールドにいる間、味方全体のQuickカード性能を10%アップ＆NP獲得量を10%アップ",""
410,"9301540","原初の火","ジャガーマン(ランサー)装備時のみ、自身がフィールドにいる間、味方全体のBusterカード性能を15%アップ",""
411,"9301550","最果ての塔","マーリン(キャスター)装備時のみ、自身がフィールドにいる間、味方全体のBusterカード性能を10%アップ＆クリティカル威力を15%アップ",""
412,"9402130","ファースト・サンライズ","自身のBusterカード性能を15%アップ＆NPを40%チャージした状態でバトルを開始する","自身のBusterカード性能を20%アップ＆NPを50%チャージした状態でバトルを開始する[最大解放]"
413,"9402140","射初の一矢","自身に必中状態を付与＆自身のArtsカードの性能を8%アップする","自身に必中状態を付与＆自身のArtsカードの性能を10%アップする[最大解放]"
414,"9402150","カッコーの巣の上で","クエストクリアで得られるQPを2017増やす","クエストクリアで得られるQPを2017増やす ＋ 自身に与ダメージプラス17状態を付与[最大解放]"
415,"9301560","チアーズ・トゥ・2017","自身に毎ターンHP100回復状態を付与",""
416,"9301570","空の仏","宮本武蔵(セイバー)装備時のみ、自身の宝具威力を30%アップ＆弱体無効状態(3回)を付与",""
417,"9301580","幽谷の淵","“山の翁”(アサシン)装備時のみ、自身の弱体耐性を100%アップ",""
418,"9402170","固有結界","〔アーチャー〕クラスが装備した場合宝具威力を15%アップ","〔アーチャー〕クラスが装備した場合宝具威力を25%アップ[最大解放]"
419,"9402180","若返りの霊薬","自身の攻撃弱体耐性を25%アップ","自身の攻撃弱体耐性を30%アップ[最大解放]"
420,"9402190","謎の仮面群","自身のスター集中度を100%アップ＆スター発生率を5%アップ","自身のスター集中度を200%アップ[最大解放]＆スター発生率を10%アップ[最大解放]"
421,"9402200","キュート・オランジェット","自身のNP獲得量を25%アップ＆宝具威力を15%アップ","自身のNP獲得量を30%アップ＆宝具威力を20%アップ[最大解放]"
422,"9402210","ショコラティエ","自身のArtsカード性能を15%アップ＆毎ターンスター3個獲得状態を付与","自身のArtsカード性能を20%アップ＆毎ターンスター4個獲得状態を付与[最大解放]"
423,"9402220","チョコ・エンゼル","自身のBusterカード性能を8%アップ＆NP獲得量を15%アップ","自身のBusterカード性能を10%アップ＆NP獲得量を20%アップ[最大解放]"
424,"9402230","ビター・ブラック","自身のHP回復量を15%アップ＆NP獲得量を15%アップ","自身のHP回復量を20%アップ＆NP獲得量を20%アップ[最大解放]"
425,"9402240","ブレスフル・タイム","自身のHP回復量を5%アップ＆スター発生率を5%アップ","自身のHP回復量を10%アップ＆スター発生率を10%アップ[最大解放]"
426,"9402250","勝者の余裕","自身のダメージを100カットする状態を付与＆スター発生率を5%アップ","自身のダメージを200カットする状態を付与＆スター発生率を10%アップ[最大解放]"
427,"9402060","スイート・クリスタル","自身に無敵貫通状態を付与＆NPを30%チャージした状態でバトルを開始する","自身に無敵貫通状態を付与＆NPを50%チャージした状態でバトルを開始する[最大解放]"
428,"9402260","フォンダン・オ・ショコラ","自身に〔神性〕特攻状態を25%付与＆NPを30%チャージした状態でバトルを開始する","自身に〔神性〕特攻状態を30%付与＆NPを50%チャージした状態でバトルを開始する[最大解放]"
429,"9301590","黒騎士くん","謎のヒロインX〔オルタ〕(バーサーカー)装備時のみ、自身がフィールドにいる間、味方全体に〔セイバー〕特攻状態を20%付与",""
430,"9805000","高級和菓子","効果なし",""
431,"9805010","特製お団子","効果なし",""
432,"9805020","君もドラゴンセット","効果なし",""
433,"9805030","ささやかな愉しみを、君と","効果なし",""
434,"9805040","バナナ（ハヌマーン贈呈）","効果なし",""
435,"9805050","いと気高き希望の花よ","効果なし",""
436,"9805060","お肌の味方","効果なし",""
437,"9805070","でんせつのオーブチョコ","効果なし",""
438,"9805080","カエサル式ケーナ","効果なし",""
439,"9805090","ジャンヌファンクラブセット","効果なし",""
440,"9805100","部屋はもう取ってあるんだが","効果なし",""
441,"9805110","シルバーボックス","効果なし",""
442,"9805120","ラピス・ラズリの腕飾り","効果なし",""
443,"9805130","こんぼう（バーベキュー味）","効果なし",""
444,"9805140","交流式ライトニングクッキー","効果なし",""
445,"9805150","カルナへの一矢","効果なし",""
446,"9805160","ブルースカイ・ヴァニラＭｔ．","効果なし",""
447,"9805170","ジュエルカット・スターズ","効果なし",""
448,"9805180","今から間に合う家事セット","効果なし",""
449,"9805190","～ベスト・オブ・トリスタン～","効果なし",""
450,"9805200","ありきたりチョコ（？）","効果なし",""
451,"9805210","お返しはキスで","効果なし",""
452,"9805220","名も知れぬ記念銀貨","効果なし",""
453,"9805230","アビシャグに捧ぐ愛","効果なし",""
454,"9805240","わくわくざぶーん優待チケット","効果なし",""
455,"9805250","シルバーバレット","効果なし",""
456,"9805260","究極の美味に至るまで","効果なし",""
457,"9805270","ひよこ豆のペーストと…","効果なし",""
458,"9805280","落陽のピアス","効果なし",""
459,"9805290","ワールドエンド・キャッスル","効果なし",""
460,"9805300","チョコレートドライバー","効果なし",""
461,"9805310","白い花","効果なし",""
462,"9805320","赤い花","効果なし",""
463,"9805330","DHA","効果なし",""
464,"9805340","鉄観音茶（？）","効果なし",""
465,"9805350","なんのへんてつもないちょこ","効果なし",""
466,"9805360","謝肉祭","効果なし",""
467,"9805370","ハートチョコ・ビタービタービター","効果なし",""
468,"9805380","たまごチョコ","効果なし",""
469,"9805390","ルーン石のチョコ","効果なし",""
470,"9805400","1999年の残滓","効果なし",""
471,"9805410","パックス・ロマーナ","効果なし",""
472,"9805420","トロイの木馬（手の平サイズ）","効果なし",""
473,"9805430","感謝の白薔薇","効果なし",""
474,"9805440","カカオの実","効果なし",""
475,"9805450","白紙の勧進帳（弁慶サイン付）","効果なし",""
476,"9805460","アイアン・マシュマロ","効果なし",""
477,"9805470","メイヴちゃん印のハニーチョコ","効果なし",""
478,"9805480","勇者の杯","効果なし",""
479,"9805490","スフィンクス・アウラード","効果なし",""
480,"9805500","自由なるカカワトル","効果なし",""
481,"9805510","ヒポグリフぬいぐるみ（１／１）","効果なし",""
482,"9805520","ラビット・キュート・チョコ","効果なし",""
483,"9805530","ライダーベルト・レプリカ","効果なし",""
484,"9805540","Ｓサンダークランチチョコスティック","効果なし",""
485,"9805550","読みかけのイリアス","効果なし",""
486,"9805560","ベイヤードのたてがみ","効果なし",""
487,"9805570","秘密で秘蔵で秘宝アルバム","効果なし",""
488,"9805580","葉巻とワイン","効果なし",""
489,"9805590","蟠桃のコンポート","効果なし",""
490,"9805600","バステニャンＸ号","効果なし",""
491,"9805610","完璧なるチョッコラート","効果なし",""
492,"9805620","手作り愛情チョコ","効果なし",""
493,"9805630","フォウくんマペット","効果なし",""
494,"9805640","UFO","効果なし",""
495,"9805650","直流式グレイトフルクッキー","効果なし",""
496,"9805660","ママのとっておき","効果なし",""
497,"9805670","ナイルの恵み","効果なし",""
498,"9805680","モンブラン・オ・ショコラ","効果なし",""
499,"9805690","ユーフラテスの夕べ","効果なし",""
500,"9805700","じるクン人形","効果なし",""
501,"9805710","ちくたくくん","効果なし",""
502,"9805720","ドルイドの杖","効果なし",""
503,"9805730","いつか見た幻","効果なし",""
504,"9805740","すべての源は、数","効果なし",""
505,"9805750","ジェロニモ式モカシン","効果なし",""
506,"9805760","青い鳥のようなマウス","効果なし",""
507,"9805770","155番目のソネット","効果なし",""
508,"9805780","おもちゃのピアノ","効果なし",""
509,"9805800","ネクタール・ボンボン","効果なし",""
510,"9805810","アル・ブクール","効果なし",""
511,"9805820","紅白のチョコ","効果なし",""
512,"9805830","弾丸と銃","効果なし",""
513,"9805840","ビターテイスト・サマー","効果なし",""
514,"9805850","スーパーナイルフラワーズ","効果なし",""
515,"9805860","手作りライスボール","効果なし",""
516,"9805870","百個入りチョコ袋","効果なし",""
517,"9805880","銘菓風魔まんじゅう","効果なし",""
518,"9805890","ブラック・ブラック・キス","効果なし",""
519,"9805900","万能布ハッサン","効果なし",""
520,"9805910","サンソンの栄養チョコドリンク","効果なし",""
521,"9805920","ホワイト・デスマスク","効果なし",""
522,"9805930","名月","効果なし",""
523,"9805940","ゴールデン・ゴールド・セット","効果なし",""
524,"9805950","スケープゴート","効果なし",""
525,"9805960","救急キット","効果なし",""
526,"9805970","ミニクーちゃん","効果なし",""
527,"9805980","極上源氏柏餅","効果なし",""
528,"9805790","謎のホットココアＸ","効果なし",""
529,"9805990","猪のかぶりもの","効果なし",""
530,"9806000","何者かの宝剣","効果なし",""
531,"9806010","瑞典火竜炭火焼サーロイン","効果なし",""
532,"9806020","あまいもの","効果なし",""
533,"9806030","祝いの飾り","効果なし",""
534,"9806040","ピール・ガウガメラ","効果なし",""
535,"9806050","シ－・ウァレス・ウァレオ","効果なし",""
536,"9806060","妻からの礼状","効果なし",""
537,"9806070","叛逆への第一歩","効果なし",""
538,"9806080","ラビリンスマップ","効果なし",""
539,"9806090","教会式手作りクッキー","効果なし",""
540,"9806100","聖女の安らぎ","効果なし",""
541,"9806110","淹れ立てのコーヒー","効果なし",""
542,"9806120","自爆大爆発チョコ","効果なし",""
543,"9806130","たまごチョコ（複数）","効果なし",""
544,"9806140","悪魔のバンダナ","効果なし",""
545,"9402270","フリーランサー","自身のQuickカードのクリティカル威力を25%アップする","自身のQuickカードのクリティカル威力を30%アップする[最大解放]"
546,"9301600","小惑星の力学","ジェームズ・モリアーティ(アーチャー)装備時のみ、自身がフィールドにいる間、〔悪〕特性の味方全体の宝具威力を25%アップ",""
547,"9301610","干将・莫耶（拳銃）","エミヤ〔オルタ〕(アーチャー)装備時のみ、自身がフィールドにいる間、味方全体のQuickカード性能を8%アップ＆Artsカード性能を8%アップ＆Busterカード性能を8%アップ",""
548,"9301620","彼方の荒野","ヘシアン・ロボ(アヴェンジャー)装備時のみ、自身がフィールドにいる間、味方全体のQuickカード性能を10%アップ＆NP獲得量を10%アップ",""
549,"9301630","百八魔星","燕青(アサシン)装備時のみ、自身がフィールドにいる間、味方全体のQuickカード性能を10%アップ＆クリティカル威力を15%アップ",""
550,"9402280","熱砂の語らい","自身のスター集中度を400%アップ＆クリティカル威力を20%アップ","自身のスター集中度を600%アップ＆クリティカル威力を25%アップ[最大解放]"
551,"9402290","探偵ヱドモン～春先旅情編～","自身に無敵貫通状態を付与＆Artsカードの性能を8%アップ","自身に無敵貫通状態を付与＆Artsカードの性能を10%アップ[最大解放]"
552,"9402300","アズ・ユー・ウィッシュ","自身に無敵状態を付与(1ターン)＆NP獲得量を25%アップ","自身に無敵状態を付与(1ターン)＆NP獲得量を30%アップ[最大解放]"
553,"9402310","カフェ・キャメロット","自身のHP回復量を8%アップ＆弱体耐性を8%アップ＆防御力を8%アップ","自身のHP回復量を10%アップ＆弱体耐性を10%アップ＆防御力を10%アップ[最大解放]"
554,"9402320","アウトレイジ","自身にターゲット集中状態を付与(1ターン)＆NP獲得量を15%アップ","自身にターゲット集中状態を付与(1ターン)＆NP獲得量を20%アップ[最大解放]"
555,"9402330","オペレーション・フィオナ","自身の登場時にスターを10個獲得(1回)＆Busterカード性能を8%アップ","自身の登場時にスターを12個獲得(1回)＆Busterカード性能を10%アップ[最大解放]"
556,"9402340","キャトルフィーユ","自身のQuickカードの性能を2%アップ＆Artsカードの性能を2%アップ＆Busterカードの性能を2%アップ＆精神異常付与成功率を3%アップ","自身のQuickカードの性能を3%アップ＆Artsカードの性能を3%アップ＆Busterカードの性能を3%アップ＆精神異常付与成功率を5%アップ[最大解放]"
557,"9402350","ネヴァーランド","自身のスター発生率を4%アップ＆クリティカル威力を4%アップ＆宝具威力を4%アップ","自身のスター発生率を8%アップ＆クリティカル威力を8%アップ＆宝具威力を8%アップ[最大解放]"
558,"9402360","ラ・シエスタ","自身に毎ターンHP50回復状態を付与＆毎ターンNP1%獲得状態を付与＆毎ターンスター1個獲得状態を付与","自身に毎ターンHP100回復状態を付与＆毎ターンNP2%獲得状態を付与＆毎ターンスター2個獲得状態を付与[最大解放]"
559,"9301640","ガーデン","アーサー・ペンドラゴン〔プロトタイプ〕(セイバー)装備時のみ、自身がフィールドにいる間、味方全体の攻撃力を15%アップ",""
560,"9402370","第六天魔王","自身のBusterカード性能を15%アップ＆宝具威力を15%アップ","自身のBusterカード性能を20%アップ＆宝具威力を20%アップ[最大解放]"
561,"9402380","日輪の城","自身のクリティカル威力を15%アップ＆スター発生率を15%アップ＆NPを25%チャージした状態でバトルを開始する","自身のクリティカル威力を20%アップ＆スター発生率を20%アップ＆NPを40%チャージした状態でバトルを開始する[最大解放]"
562,"9402390","壬生狼","自身のQuickカード性能を8%アップ＆Busterカード性能を8%アップ＆毎ターンスターを3個獲得する状態を付与","自身のQuickカード性能を10%アップ＆Busterカード性能を10%アップ＆毎ターンスターを4個獲得する状態を付与[最大解放]"
563,"9402400","春風遊歩道","自身のNP獲得量を15%アップ＆ダメージを300カットする状態を付与","自身のNP獲得量を20%アップ＆ダメージを400カットする状態を付与[最大解放]"
564,"9402410","社交界の華","自身のQuickカード性能を4%アップ＆Artsカード性能を4%アップ","自身のQuickカード性能を6%アップ＆Artsカード性能を6%アップ[最大解放]"
565,"9806150","概念礼装EXPカード：ぐだぐだ明治維新","効果なし",""
566,"9806160","概念礼装EXPカード：ぐだぐだウェルカム","効果なし",""
567,"9301650","誓いの羽織","土方歳三(バーサーカー)装備時のみ、自身にガッツ状態を付与(HP1回復、1回)＆クリティカル威力を30%アップ",""
568,"9301660","小豆のお手玉","茶々(バーサーカー)装備時のみ、自身がフィールドにいる間、味方全体の宝具威力を25%アップ＆防御力を10%ダウン【デメリット】",""
569,"9402420","我らが征くは星の大海","自身のBusterカード性能を15%アップ＆NP獲得量を15%アップ","自身のBusterカード性能を20%アップ＆NP獲得量を20%アップ[最大解放]"
570,"9402430","いつかの夏","自身のQuickカード性能を8%アップ＆宝具威力を8%アップ＆NPを30%チャージした状態でバトルを開始する","自身のQuickカード性能を10%アップ＆宝具威力を10%アップ＆NPを50%チャージした状態でバトルを開始する[最大解放]"
571,"9402440","月の海の生徒会","自身のArtsカード性能を10%アップ＆Busterカード性能を10%アップ","自身のArtsカード性能を15%アップ＆Busterカード性能を15%アップ[最大解放]"
572,"9402450","始まりの予感","自身に毎ターンスター2個獲得状態を付与＆毎ターンNP2%獲得状態を付与","自身に毎ターンスター3個獲得状態を付与＆毎ターンNP3%獲得状態を付与[最大解放]"
573,"9402460","ザ・ケージ","自身のNPを10%チャージした状態でバトルを開始する＆被ダメージ時のNP獲得量を15%アップ","自身のNPを20%チャージした状態でバトルを開始する＆被ダメージ時のNP獲得量を20%アップ[最大解放]"
574,"9806170","概念礼装EXPカード：BBショット！","効果なし",""
575,"9301670","輝くばかりの","メルトリリス(アルターエゴ)装備時のみ、自身のQuickカード性能を20%アップ＆クリティカル威力を30%アップ ＋ 自身がフィールドにいる間、自身をのぞく味方全体のクリティカル威力を10%ダウン【デメリット】",""
576,"9301690","目を逸らさずに","パッションリップ(アルターエゴ)装備時のみ、自身がフィールドにいる間、味方全体のBusterカード性能を20%アップ＆弱体耐性を20%ダウン【デメリット】",""
577,"9301700","路傍の夢","ＢＢ(SR・ムーンキャンサー)装備時のみ、自身がフィールドにいる間、味方全体のQuickカード性能を8%アップ＆Artsカード性能を8%アップ＆Busterカード性能を8%アップ",""
578,"9301710","天魔の春修行","鈴鹿御前(セイバー)装備時のみ、自身がフィールドにいる間、味方全体のBusterカード性能を10%アップ＆宝具威力を10%アップ",""
579,"9301680","揺籃の夢","殺生院キアラ(アルターエゴ)装備時のみ、自身のArtsカード性能を20%アップ＆最大HPを3000増やす ＋ 自身がフィールドにいる間、自身をのぞく味方全体の最大HPを1000減らす【デメリット】",""
580,"9402470","瓦礫の聖堂","自身に〔男性〕特防状態を15%付与する","自身に〔男性〕特防状態を20%付与する[最大解放]"
581,"9402480","まるごしシンジ君","自身の防御弱体耐性を25%アップする","自身の防御弱体耐性を30%アップする[最大解放]"
582,"9402490","アトラス院","自身のArtsカードの宝具の威力を15%アップ","自身のArtsカードの宝具の威力を25%アップ[最大解放]"
583,"9301790","Fate/Apocrypha","クエストクリア時に得られる魔術礼装EXPを50増やす",""
584,"9301800","FGO THE STAGE","クエストクリア時に得られるマスターEXPを50増やす",""
585,"9402500","幻想種","〔ライダー〕クラスが装備した場合宝具威力を15%アップ","〔ライダー〕クラスが装備した場合宝具威力を25%アップ[最大解放]"
586,"9301720","シャフリヤール王の閨","シェヘラザード(キャスター)装備時のみ、自身の弱体耐性を100%アップ",""
587,"9301730","洛陽の宮殿","武則天(アサシン)装備時のみ、自身がフィールドにいる間、味方全体のQuickカード性能を20%アップ＆防御力を10%ダウン【デメリット】",""
588,"9301740","戦神の軍帯","ペンテシレイア(バーサーカー)装備時のみ、自身がフィールドにいる間、味方全体のBusterカード性能を20%アップ＆防御力を10%ダウン【デメリット】",""
589,"9301750","ニーニャ号","クリストファー・コロンブス(ライダー)装備時のみ、自身がフィールドにいる間、味方全体のBusterカード性能を10%アップ＆NP獲得量を10%アップ",""
590,"9402510","カルデア・アニバーサリー","自身のQuickカード性能を8%アップ＆Artsカード性能を8%アップ＆NPを50%チャージした状態でバトルを開始する","自身のQuickカード性能を10%アップ＆Artsカード性能を10%アップ＆NPを60%チャージした状態でバトルを開始する[最大解放]"
591,"9402520","アフタヌーン・パーティー","自身に毎ターンNP4%獲得状態を付与＆Artsカードの性能を10%アップ","自身に毎ターンNP5%獲得状態を付与＆Artsカードの性能を12%アップ[最大解放]"
592,"9402530","スターライト・フェスト","自身のスター集中度を100%アップ＆Quickカードの性能を2%アップ","自身のスター集中度を200%アップ＆Quickカードの性能を3%アップ[最大解放]"
593,"9301810","マンガで分かる！FGO","クエストクリア時に得られるマスターEXPを50増やす",""
594,"9301820","英霊正装：マシュ・キリエライト","クエストクリア時に得られる魔術礼装EXPを50増やす",""
595,"9301830","英霊正装：アルトリア・ペンドラゴン","クエストクリア時に得られる魔術礼装EXPを50増やす",""
596,"9301840","英霊正装：アルテラ","クエストクリア時に得られる魔術礼装EXPを50増やす",""
597,"9301850","英霊正装：モードレッド","クエストクリア時に得られる魔術礼装EXPを50増やす",""
598,"9301860","英霊正装：アーサー・ペンドラゴン","クエストクリア時に得られる魔術礼装EXPを50増やす",""
599,"9301870","英霊正装：ネロ・クラウディウス","クエストクリア時に得られる魔術礼装EXPを50増やす",""
600,"9301880","英霊正装：シュヴァリエ・デオン","クエストクリア時に得られる魔術礼装EXPを50増やす",""
601,"9301890","英霊正装：ランスロット","クエストクリア時に得られる魔術礼装EXPを50増やす",""
602,"9301900","英霊正装：カエサル","クエストクリア時に得られる魔術礼装EXPを50増やす",""
603,"9301910","英霊正装：ベディヴィエール","クエストクリア時に得られる魔術礼装EXPを50増やす",""
604,"9301930","英霊正装：アルジュナ","クエストクリア時に得られる魔術礼装EXPを50増やす",""
605,"9301940","英霊正装：イシュタル","クエストクリア時に得られる魔術礼装EXPを50増やす",""
606,"9301950","英霊正装：エミヤ","クエストクリア時に得られる魔術礼装EXPを50増やす",""
607,"9301960","英霊正装：アタランテ","クエストクリア時に得られる魔術礼装EXPを50増やす",""
608,"9301970","英霊正装：エウリュアレ","クエストクリア時に得られる魔術礼装EXPを50増やす",""
609,"9301980","英霊正装：スカサハ","クエストクリア時に得られる魔術礼装EXPを50増やす",""
610,"9301990","英霊正装：カルナ","クエストクリア時に得られる魔術礼装EXPを50増やす",""
611,"9302000","英霊正装：アルトリア・ペンドラゴン","クエストクリア時に得られる魔術礼装EXPを50増やす",""
612,"9302010","英霊正装：アルトリア・ペンドラゴン","クエストクリア時に得られる魔術礼装EXPを50増やす",""
613,"9302030","英霊正装：ロムルス","クエストクリア時に得られる魔術礼装EXPを50増やす",""
614,"9302040","英霊正装：メドゥーサ","クエストクリア時に得られる魔術礼装EXPを50増やす",""
615,"9302050","英霊正装：ジャガーマン","クエストクリア時に得られる魔術礼装EXPを50増やす",""
616,"9302060","英霊正装：女王メイヴ","クエストクリア時に得られる魔術礼装EXPを50増やす",""
617,"9302080","英霊正装：ケツァル・コアトル","クエストクリア時に得られる魔術礼装EXPを50増やす",""
618,"9302090","英霊正装：マリー・アントワネット","クエストクリア時に得られる魔術礼装EXPを50増やす",""
619,"9302100","英霊正装：牛若丸","クエストクリア時に得られる魔術礼装EXPを50増やす",""
620,"9302110","英霊正装：ブーディカ","クエストクリア時に得られる魔術礼装EXPを50増やす",""
621,"9302120","英霊正装：エドワード・ティーチ","クエストクリア時に得られる魔術礼装EXPを50増やす",""
622,"9302130","英霊正装：レオナルド・ダ・ヴィンチ","クエストクリア時に得られる魔術礼装EXPを50増やす",""
623,"9302140","英霊正装：ニトクリス","クエストクリア時に得られる魔術礼装EXPを50増やす",""
624,"9301920","英霊正装：ギルガメッシュ","クエストクリア時に得られる魔術礼装EXPを50増やす",""
625,"9302020","英霊正装：クー・フーリン","クエストクリア時に得られる魔術礼装EXPを50増やす",""
626,"9302150","英霊正装：メフィストフェレス","クエストクリア時に得られる魔術礼装EXPを50増やす",""
627,"9302170","英霊正装：アマデウス","クエストクリア時に得られる魔術礼装EXPを50増やす",""
628,"9302180","英霊正装：不夜城のアサシン","クエストクリア時に得られる魔術礼装EXPを50増やす",""
629,"9302190","英霊正装：呪腕のハサン","クエストクリア時に得られる魔術礼装EXPを50増やす",""
630,"9302200","英霊正装：ヴラド三世","クエストクリア時に得られる魔術礼装EXPを50増やす",""
631,"9302210","英霊正装：坂田金時","クエストクリア時に得られる魔術礼装EXPを50増やす",""
632,"9302220","英霊正装：ナイチンゲール","クエストクリア時に得られる魔術礼装EXPを50増やす",""
633,"9302230","英霊正装：クー・フーリン","クエストクリア時に得られる魔術礼装EXPを50増やす",""
634,"9302240","英霊正装：ヘラクレス","クエストクリア時に得られる魔術礼装EXPを50増やす",""
635,"9302250","英霊正装：フランケンシュタイン","クエストクリア時に得られる魔術礼装EXPを50増やす",""
636,"9302260","英霊正装：エルドラドのバーサーカー","クエストクリア時に得られる魔術礼装EXPを50増やす",""
637,"9302270","英霊正装：清姫","クエストクリア時に得られる魔術礼装EXPを50増やす",""
638,"9302280","英霊正装：アステリオス","クエストクリア時に得られる魔術礼装EXPを50増やす",""
639,"9302290","英霊正装：ジャンヌ・ダルク","クエストクリア時に得られる魔術礼装EXPを50増やす",""
640,"9302300","英霊正装：シャーロック・ホームズ","クエストクリア時に得られる魔術礼装EXPを50増やす",""
641,"9301780","フロンティア","ポール・バニヤン(バーサーカー)装備時のみ、自身がフィールドにいる間、味方全体のBusterカード性能を15%アップ",""
642,"9301770","自慢の一挺","シャーロック・ホームズ(ルーラー)装備時のみ、自身がフィールドにいる間、味方全体のQuickカードの性能を10%アップ＆クリティカル威力を15%アップ",""
643,"9402540","サマー・リトル","自身のNP獲得量を25%アップ＆宝具威力を10%アップ＆クリティカル威力を10%アップ+マグホイールのドロップ獲得数を2個増やす【『復刻:デッドヒート・サマーレース！ ライト版』イベント期間限定】+コノートコインのドロップ獲得数を2個増やす【『復刻:デスジェイル・サマーエスケイプ ライト版』イベント期間限定】","自身のNP獲得量を30%アップ＆宝具威力を15%アップ＆クリティカル威力を15%アップ[最大解放]+マグホイールのドロップ獲得数を3個増やす[最大解放]【『復刻:デッドヒート・サマーレース！ ライト版』イベント期間限定】+コノートコインのドロップ獲得数を3個増やす[最大解放]【『復刻:デスジェイル・サマーエスケイプ ライト版』イベント期間限定】"
644,"9402550","ホワイト・クルージング","自身のArtsカード性能を8%アップ＆Busterカード性能を8%アップ＆NP獲得量を8%アップ+チタンプレートのドロップ獲得数を2個増やす【『復刻:デッドヒート・サマーレース！ ライト版』イベント期間限定】+インスタント麺のドロップ獲得数を2個増やす【『復刻:デスジェイル・サマーエスケイプ ライト版』イベント期間限定】","自身のArtsカード性能を10%アップ＆Busterカード性能を10%アップ＆NP獲得量を10%アップ[最大解放]+チタンプレートのドロップ獲得数を3個増やす[最大解放]【『復刻:デッドヒート・サマーレース！ ライト版』イベント期間限定】+インスタント麺のドロップ獲得数を3個増やす[最大解放]【『復刻:デスジェイル・サマーエスケイプ ライト版』イベント期間限定】"
645,"9402560","シュガー・バケーション","自身の防御力を3%アップ＆Quickカード性能を3%アップ+ジャンクパーツのドロップ獲得数を2個増やす【『復刻:デッドヒート・サマーレース！ ライト版』イベント期間限定】+一粒のあめ玉のドロップ獲得数を2個増やす【『復刻:デスジェイル・サマーエスケイプ ライト版』イベント期間限定】","自身の防御力を5%アップ＆Quickカード性能を5%アップ[最大解放]+ジャンクパーツのドロップ獲得数を3個増やす[最大解放]【『復刻:デッドヒート・サマーレース！ ライト版』イベント期間限定】+一粒のあめ玉のドロップ獲得数を3個増やす[最大解放]【『復刻:デスジェイル・サマーエスケイプ ライト版』イベント期間限定】"
646,"9402570","シーサイド・ラグジュアリー","自身のスター発生率を20%アップ＆毎ターンスター3個獲得状態を付与+ジャンクパーツ、チタンプレート、マグホイールのドロップ獲得数を1個増やす【『復刻:デッドヒート・サマーレース！ ライト版』イベント期間限定】","自身のスター発生率を25%アップ＆毎ターンスター4個獲得状態を付与[最大解放]+ジャンクパーツ、チタンプレート、マグホイールのドロップ獲得数を2個増やす[最大解放]【『復刻:デッドヒート・サマーレース！ ライト版』イベント期間限定】"
647,"9302310","虹の海の黄金劇場","ネロ・クラウディウス(キャスター)装備時のみ、自身がフィールドにいる間、味方全体のBusterカード性能を10%アップ＆NP獲得量を10%アップ",""
648,"9302320","万能包帯","フランケンシュタイン(セイバー)装備時のみ、自身がフィールドにいる間、味方全体のQuickカード性能を10%アップ＆NP獲得量を10%アップ",""
649,"9302330","太陽からの賜り物","ニトクリス(アサシン)装備時のみ、自身がフィールドにいる間、味方全体のArtsカード性能を10%アップ＆NP獲得量を10%アップ",""
650,"9302340","天下布武～2017summer.ver～","織田信長(バーサーカー)装備時のみ、自身がフィールドにいる間、味方全体のBusterカード性能を15%アップ＆クリティカル威力を15%アップ＆防御力を10%ダウン【デメリット】",""
651,"9302380","女神の優勝カップ","イシュタル(ライダー)装備時のみ、自身がフィールドにいる間、味方全体のQuickカード性能を10%アップ＆宝具威力を10%アップ",""
652,"9402580","真夏のひと時","自身のQuickカード性能を10%アップ＆クリティカル威力を10%アップ＆毎ターンスター3個獲得状態を付与+マグホイールのドロップ獲得数を2個増やす【『復刻:デッドヒート・サマーレース！ ライト版』イベント期間限定】+コノートコインのドロップ獲得数を2個増やす【『復刻:デスジェイル・サマーエスケイプ ライト版』イベント期間限定】","自身のQuickカード性能を15%アップ＆クリティカル威力を15%アップ＆毎ターンスター4個獲得状態を付与[最大解放]+マグホイールのドロップ獲得数を3個増やす[最大解放]【『復刻:デッドヒート・サマーレース！ ライト版』イベント期間限定】+コノートコインのドロップ獲得数を3個増やす[最大解放]【『復刻:デスジェイル・サマーエスケイプ ライト版』イベント期間限定】"
653,"9402590","キング・ジョーカー・ジャック","自身のBusterカード性能を8%アップ＆宝具威力を8%アップ＆防御力を3%アップ+チタンプレートのドロップ獲得数を2個増やす【『復刻:デッドヒート・サマーレース！ ライト版』イベント期間限定】+インスタント麺のドロップ獲得数を2個増やす【『復刻:デスジェイル・サマーエスケイプ ライト版』イベント期間限定】","自身のBusterカード性能を10%アップ＆宝具威力を10%アップ＆防御力を5%アップ[最大解放]+チタンプレートのドロップ獲得数を3個増やす[最大解放]【『復刻:デッドヒート・サマーレース！ ライト版』イベント期間限定】+インスタント麺のドロップ獲得数を3個増やす[最大解放]【『復刻:デスジェイル・サマーエスケイプ ライト版』イベント期間限定】"
654,"9402600","カルデア・ビーチバレー","自身に必中状態を付与＆スター発生率を2%アップ＆クリティカル威力を2%アップ+ジャンクパーツのドロップ獲得数を2個増やす【『復刻:デッドヒート・サマーレース！ ライト版』イベント期間限定】+一粒のあめ玉のドロップ獲得数を2個増やす【『復刻:デスジェイル・サマーエスケイプ ライト版』イベント期間限定】","自身に必中状態を付与＆スター発生率を3%アップ＆クリティカル威力を3%アップ[最大解放]+ジャンクパーツのドロップ獲得数を3個増やす[最大解放]【『復刻:デッドヒート・サマーレース！ ライト版』イベント期間限定】+一粒のあめ玉のドロップ獲得数を3個増やす[最大解放]【『復刻:デスジェイル・サマーエスケイプ ライト版』イベント期間限定】"
655,"9402610","ダイブ・トゥ・ブルー","自身のArtsカード性能を8%アップ＆宝具威力を8%アップ＆NPを30%チャージした状態でバトルを開始する+一粒のあめ玉、インスタント麺、コノートコインのドロップ獲得数を1個増やす【『復刻:デスジェイル・サマーエスケイプ ライト版』イベント期間限定】","自身のArtsカード性能を10%アップ＆宝具威力を10%アップ＆NPを50%チャージした状態でバトルを開始する[最大解放]+一粒のあめ玉、インスタント麺、コノートコインのドロップ獲得数を2個増やす[最大解放]【『復刻:デスジェイル・サマーエスケイプ ライト版』イベント期間限定】"
656,"9302350","選定のモップ","アルトリア・ペンドラゴン〔オルタ〕(ライダー)装備時のみ、自身がフィールドにいる間、味方全体の攻撃力を20%アップ＆防御力を15%ダウン【デメリット】",""
657,"9302360","ニャーフ！","エレナ・ブラヴァツキー(アーチャー)装備時のみ、自身がフィールドにいる間、味方全体のQuickカード性能を10%アップ＆Artsカード性能を10%アップ",""
658,"9302370","京極","源頼光(ランサー)装備時のみ、自身がフィールドにいる間、味方全体のQuickカード性能を10%アップ＆Busterカード性能を10%アップ",""
659,"9302390","プリズマ☆イリヤ 雪下の誓い","クエストクリア時に得られる魔術礼装EXPを50増やす",""
660,"9402620","バトル・オリンピア","自身のArtsカード性能を8%アップ＆Busterカード性能を8%アップ＆NPを50%チャージした状態でバトルを開始する+ネロメダル〔金〕のドロップ獲得数を1個増やす【『ネロ祭再び ～2017 Autumn～』イベント期間限定】","自身のArtsカード性能を10%アップ＆Busterカード性能を10%アップ＆NPを60%チャージした状態でバトルを開始する[最大解放]+ネロメダル〔金〕のドロップ獲得数を2個増やす[最大解放]【『ネロ祭再び ～2017 Autumn～』イベント期間限定】"
661,"9402650","二神三脚","自身にガッツ状態を付与(1回・HP1回復)＆宝具威力を15%アップ+『ネロ祭再び ～2017 Autumn～』において、自身の攻撃の威力を100%アップする【『ネロ祭再び ～2017 Autumn～』イベント期間限定】","自身にガッツ状態を付与(1回・HP1回復)＆宝具威力を20%アップ[最大解放]+『ネロ祭再び ～2017 Autumn～』において、自身の攻撃の威力を200%アップする[最大解放]【『ネロ祭再び ～2017 Autumn～』イベント期間限定】"
662,"9402660","チア・フォー・マスター","自身のQuickカード性能を6%アップ＆Artsカード性能を6%アップ＆Busterカード性能を6%アップ＆毎ターンスター3個獲得状態を付与+真紅の花びらのドロップ獲得数を1個増やす【『ネロ祭再び ～2017 Autumn～』イベント期間限定】","自身のQuickカード性能を8%アップ＆Artsカード性能を8%アップ＆Busterカード性能を8%アップ＆毎ターンスター4個獲得状態を付与[最大解放]+真紅の花びらのドロップ獲得数を2個増やす[最大解放]【『ネロ祭再び ～2017 Autumn～』イベント期間限定】"
663,"9402630","フード・コロシアム","自身のQuickカード性能を10%アップ＆HP回復量を10%アップ+ネロメダル〔銀〕のドロップ獲得数を1個増やす【『ネロ祭再び ～2017 Autumn～』イベント期間限定】","自身のQuickカード性能を15%アップ＆HP回復量を20%アップ[最大解放]+ネロメダル〔銀〕のドロップ獲得数を2個増やす[最大解放]【『ネロ祭再び ～2017 Autumn～』イベント期間限定】"
664,"9402640","マッスル・キャバリエ","自身のBusterカード性能を3%アップ＆クリティカル威力を8%アップ+ネロメダル〔銅〕のドロップ獲得数を1個増やす【『ネロ祭再び ～2017 Autumn～』イベント期間限定】","自身のBusterカード性能を5%アップ＆クリティカル威力を10%アップ[最大解放]+ネロメダル〔銅〕のドロップ獲得数を2個増やす[最大解放]【『ネロ祭再び ～2017 Autumn～』イベント期間限定】"
665,"9402670","Replica; Agateram","クエストクリア時に得られるマスターEXPを50増やす",""
666,"9402680","願いの先","自身のスター集中度を400%アップ＆Busterカード性能を10%アップ","自身のスター集中度を600%アップ＆Busterカード性能を15%アップ[最大解放]"
667,"9402690","戦友","自身のArtsカード性能を8%アップ＆Busterカード性能を8%アップ＆宝具威力を5%アップ","自身のArtsカード性能を10%アップ＆Busterカード性能を10%アップ＆宝具威力を10%アップ[最大解放]"
668,"9402700","夢の跡","自身の弱体付与成功率を3%アップ＆弱体耐性を5%アップ","自身の弱体付与成功率を5%アップ＆弱体耐性を10%アップ[最大解放]"
669,"9302400","豊穣たる牡牛","パールヴァティー(ランサー)装備時のみ、自身がフィールドにいる間、味方全体のQuickカード性能を10%アップ＆NP獲得量を10%アップ",""
670,"9302440","英霊装束：メドゥーサ","クエストクリア時に得られる魔術礼装EXPを50増やす",""
671,"9302420","英霊装束：レオナルド・ダ・ヴィンチ","クエストクリア時に得られる魔術礼装EXPを50増やす",""
672,"9302410","英霊装束：ジャンヌ・ダルク","クエストクリア時に得られる魔術礼装EXPを50増やす",""
673,"9302430","英霊装束：ネロ・クラウディウス","クエストクリア時に得られる魔術礼装EXPを50増やす",""
674,"9402710","神造兵装","〔セイバー〕クラスが装備した場合宝具威力を15%アップ","〔セイバー〕クラスが装備した場合宝具威力を25%アップ[最大解放]"
675,"9302460","想い、三世にわたり","巴御前(アーチャー)装備時のみ、自身がフィールドにいる間、味方全体のBusterカード性能を10%アップ＆宝具威力を10%アップ",""
676,"9302470","月輪九曜","望月千代女(アサシン)装備時のみ、自身がフィールドにいる間、味方全体のQuickカード性能を10%アップ＆Artsカード性能を10%アップ",""
677,"9302490","十文字槍","宝蔵院胤舜(ランサー)装備時のみ、自身がフィールドにいる間、味方全体のQuickカード性能を10%アップ＆クリティカル威力を15%アップ",""
678,"9302450","二階笠","柳生但馬守宗矩(セイバー)装備時のみ、自身がフィールドにいる間、味方全体のArtsカード性能を10%アップ＆NP獲得量を10%アップ",""
679,"9302480","段蔵の牛","加藤段蔵(アサシン)装備時のみ、自身がフィールドにいる間、味方全体のQuickカード性能を10%アップ＆Busterカード性能を10%アップ",""
680,"9402720","トリック・オア・トリートメント","自身のNP獲得量を25%アップ＆クリティカル威力を15%アップ+ビームクッキーのドロップ獲得数を1個増やす【『復刻:ハロウィン・ストライク！ 魔のビルドクライマー／姫路城大決戦 ライト版』イベント期間限定】","自身のNP獲得量を30%アップ＆クリティカル威力を20%アップ[最大解放]+ビームクッキーのドロップ獲得数を2個増やす[最大解放]【『復刻:ハロウィン・ストライク！ 魔のビルドクライマー／姫路城大決戦 ライト版』イベント期間限定】"
681,"9402730","ファントム・ナイト","自身のBusterカード性能を10%アップ＆NP獲得量を5%アップ+ミサイルラムネのドロップ獲得数を1個増やす【『復刻:ハロウィン・ストライク！ 魔のビルドクライマー／姫路城大決戦 ライト版』イベント期間限定】","自身のBusterカード性能を15%アップ＆NP獲得量を10%アップ[最大解放]+ミサイルラムネのドロップ獲得数を2個増やす[最大解放]【『復刻:ハロウィン・ストライク！ 魔のビルドクライマー／姫路城大決戦 ライト版』イベント期間限定】"
682,"9402740","不思議の国から","自身のQuickカード性能を4%アップ＆Busterカード性能を4%アップ+ドリルグミのドロップ獲得数を1個増やす【『復刻:ハロウィン・ストライク！ 魔のビルドクライマー／姫路城大決戦 ライト版』イベント期間限定】","自身のQuickカード性能を6%アップ＆Busterカード性能を6%アップ[最大解放]+ドリルグミのドロップ獲得数を2個増やす[最大解放]【『復刻:ハロウィン・ストライク！ 魔のビルドクライマー／姫路城大決戦 ライト版』イベント期間限定】"
683,"9402750","エアリアル・ドライブ","自身のBusterカード性能を8%アップ＆宝具威力を8%アップ＆NPを30%チャージした状態でバトルを開始する+『復刻:ハロウィン・ストライク！ 魔のビルドクライマー／姫路城大決戦 ライト版』のフリークエストにおいて、〔ナイト系〕〔ゲイザー系〕〔量産型系〕のエネミーの追加出現率を25%アップ【『復刻:ハロウィン・ストライク！ 魔のビルドクライマー／姫路城大決戦 ライト版』イベント期間限定】","自身のBusterカード性能を10%アップ＆宝具威力を10%アップ＆NPを50%チャージした状態でバトルを開始する[最大解放]+『復刻:ハロウィン・ストライク！ 魔のビルドクライマー／姫路城大決戦 ライト版』のフリークエストにおいて、〔ナイト系〕〔ゲイザー系〕〔量産型系〕のエネミーの追加出現率を100%アップ[最大解放]【『復刻:ハロウィン・ストライク！ 魔のビルドクライマー／姫路城大決戦 ライト版』イベント期間限定】"
684,"9402760","黄金の翼","自身の宝具威力を20%アップ＆NP獲得量を5%アップ+『復刻:ハロウィン・ストライク！ 魔のビルドクライマー／姫路城大決戦 ライト版』のフリークエストにおいて、〔ドローン系〕〔ホムンクルス系〕〔オートマタ系〕のエネミーの追加出現率を25%アップ【『復刻:ハロウィン・ストライク！ 魔のビルドクライマー／姫路城大決戦 ライト版』イベント期間限定】","自身の宝具威力を25%アップ＆NP獲得量を10%アップ[最大解放]+『復刻:ハロウィン・ストライク！ 魔のビルドクライマー／姫路城大決戦 ライト版』のフリークエストにおいて、〔ドローン系〕〔ホムンクルス系〕〔オートマタ系〕のエネミーの追加出現率を100%アップ[最大解放]【『復刻:ハロウィン・ストライク！ 魔のビルドクライマー／姫路城大決戦 ライト版』イベント期間限定】"
685,"9402770","ノスタルジック・フォーム","自身の防御力を3%アップ＆Busterカード性能を3%アップ+『復刻:ハロウィン・ストライク！ 魔のビルドクライマー／姫路城大決戦 ライト版』のフリークエストにおいて、〔スケルトン系〕〔スケアクロウ系〕のエネミーの追加出現率を25%アップ【『復刻:ハロウィン・ストライク！ 魔のビルドクライマー／姫路城大決戦 ライト版』イベント期間限定】","自身の防御力を5%アップ＆Busterカード性能を5%アップ[最大解放]+『復刻:ハロウィン・ストライク！ 魔のビルドクライマー／姫路城大決戦 ライト版』のフリークエストにおいて、〔スケルトン系〕〔スケアクロウ系〕のエネミーの追加出現率を100%アップ[最大解放]【『復刻:ハロウィン・ストライク！ 魔のビルドクライマー／姫路城大決戦 ライト版』イベント期間限定】"
686,"9302500","お姫様の折り紙","刑部姫(アサシン)装備時のみ、自身がフィールドにいる間、味方全体のNP獲得量を15%アップ",""
687,"9302510","エレクトロジカ ダイアグラム","メカエリチャン(アルターエゴ)装備時のみ、自身がフィールドにいる間、味方全体のBusterカード性能を20%アップ＆弱体耐性を20%ダウン【デメリット】",""
688,"9302520","ガーディアン ジャイガンティック","メカエリチャンⅡ号機(アルターエゴ)装備時のみ、自身がフィールドにいる間、味方全体のBusterカード性能を20%アップ＆弱体耐性を20%ダウン【デメリット】",""
689,"9302530","剣に祈りを命に願いを","クエストクリア時に得られるマスターEXPを50増やす",""
690,"9302580","FGO VR マシュ・キリエライト","クエストクリア時に得られるマスターEXPを50増やす",""
691,"9402780","魂喰い","〔キャスター〕クラスが装備した場合宝具威力を15%アップ","〔キャスター〕クラスが装備した場合宝具威力を25%アップ[最大解放]"
692,"9302550","鷹の魔女の宴","キルケー(キャスター)装備時のみ、自身がフィールドにいる間、味方全体のNP獲得量を10%アップ＆宝具威力を10%アップ",""
693,"9302570","乾坤圏","哪吒(ランサー)装備時のみ、自身がフィールドにいる間、味方全体のQuickカード性能を10%アップ＆宝具威力を10%アップ",""
694,"9302560","ソロモン王への貢物","シバの女王(キャスター)装備時のみ、自身がフィールドにいる間、味方全体のArtsカード性能を10%アップ＆Busterカード性能を10%アップ",""
695,"9302540","銀鍵のロザリオ","アビゲイル・ウィリアムズ(フォーリナー)装備時のみ、自身の宝具威力を30%アップ＆即死無効状態(3回)を付与",""
696,"9402790","スターリー・ナイツ","自身のBusterカード性能を10%アップ＆クリティカル威力を10%アップ＆NPを40%チャージした状態でバトルを開始する+スノーベビーのドロップ獲得数を1個増やす【『冥界のメリークリスマス』イベント期間限定】","自身のBusterカード性能を15%アップ＆クリティカル威力を15%アップ＆NPを50%チャージした状態でバトルを開始する[最大解放]+スノーベビーのドロップ獲得数を2個増やす[最大解放]【『冥界のメリークリスマス』イベント期間限定】"
697,"9402800","パーティー・タイム","自身のQuickカード性能を8%アップ＆Busterカード性能を8%アップ＆クリティカル威力を5%アップ+コープスベルのドロップ獲得数を1個増やす【『冥界のメリークリスマス』イベント期間限定】","自身のQuickカード性能を10%アップ＆Busterカード性能を10%アップ＆クリティカル威力を10%アップ[最大解放]+コープスベルのドロップ獲得数を2個増やす[最大解放]【『冥界のメリークリスマス』イベント期間限定】"
698,"9402810","スノー・パイレーツ","自身に回避状態を付与(1回)＆毎ターンスター1個獲得状態を付与+ホロウキャンドルのドロップ獲得数を1個増やす【『冥界のメリークリスマス』イベント期間限定】","自身に回避状態を付与(1回)＆毎ターンスター2個獲得状態を付与[最大解放]+ホロウキャンドルのドロップ獲得数を2個増やす[最大解放]【『冥界のメリークリスマス』イベント期間限定】"
699,"9402820","メリー・シープ","自身のQuickカード性能を8%アップ＆Artsカード性能を8%アップ＆毎ターンスター3個獲得状態を付与+冥界の砂のドロップ獲得数を1個増やす【『冥界のメリークリスマス』イベント期間限定】","自身のQuickカード性能を10%アップ＆Artsカード性能を10%アップ＆毎ターンスター4個獲得状態を付与[最大解放]+冥界の砂のドロップ獲得数を2個増やす[最大解放]【『冥界のメリークリスマス』イベント期間限定】"
700,"9302590","冥界に花の咲く","エレシュキガル(ランサー)装備時のみ、自身がフィールドにいる間、味方全体のBusterカード性能を10%アップ＆宝具威力を10%アップ",""
701,"9302600","夜空を駆ける虹","アルテラ・ザ・サン〔タ〕(アーチャー)装備時のみ、自身がフィールドにいる間、味方全体のQuickカード性能を10%アップ＆クリティカル威力を15%アップ",""
702,"9302610","MOONLIGHT/LOSTROOM","クエストクリア時に得られるマスターEXPを50増やす",""
703,"9302620","氷室の天地 ～7人の最強偉人篇～","クエストクリア時に得られる魔術礼装EXPを50増やす",""
704,"9402830","ニュー・ビギニング","自身のArtsカード性能を10%アップ＆クリティカル威力を10%アップ＆NPを40%チャージした状態でバトルを開始する","自身のArtsカード性能を15%アップ＆クリティカル威力を15%アップ＆NPを50%チャージした状態でバトルを開始する[最大解放]"
705,"9402840","アヴァロン・セレブレイト","自身のスター集中度を300%アップ＆NP獲得量を10%アップ","自身のスター集中度を400%アップ＆NP獲得量を15%アップ[最大解放]"
706,"9402850","幸せとは温い子犬","クエストクリアで得られるQPを2018増やす","クエストクリアで得られるQPを2018増やす ＋ 自身にダメージを18カットする状態を付与[最大解放]"
707,"9302640","いろはにほへと","自身に毎ターンNP1%獲得状態を付与する",""
708,"9806180","概念礼装EXPカード：宇宙犬","効果なし",""
709,"9302650","富士越龍図","葛飾北斎(フォーリナー)装備時のみ、自身の宝具威力を30%アップ＆ガッツ状態を付与(1回・HP20%回復)",""
710,"9302630","コミカライズプロジェクト","クエストクリア時に得られるマスターEXPを50増やす",""
711,"9402860","鬼に衣","自身のクリティカル威力を10%アップ＆スター発生率を10%アップ＆NPを30%チャージした状態でバトルを開始する+『節分酒宴絵巻 鬼楽百重塔』において、自身の攻撃の威力を100%アップする【『節分酒宴絵巻 鬼楽百重塔』イベント期間限定】","自身のクリティカル威力を15%アップ＆スター発生率を15%アップ＆NPを50%チャージした状態でバトルを開始する[最大解放]+『節分酒宴絵巻 鬼楽百重塔』において、自身の攻撃の威力を200%アップする[最大解放]【『節分酒宴絵巻 鬼楽百重塔』イベント期間限定】"
712,"9302660","Fate/EXTRA","クエストクリア時に得られる魔術礼装EXPを50増やす",""
713,"9402870","ファラオ・チョコラトル","自身のBusterカード性能を10%アップ＆宝具威力を10%アップ＆NP獲得量を15%アップ+クークーカカオのドロップ獲得数を1個増やす【『バレンタイン2018』イベント期間限定】","自身のBusterカード性能を15%アップ＆宝具威力を15%アップ＆NP獲得量を20%アップ[最大解放]+クークーカカオのドロップ獲得数を2個増やす[最大解放]【『バレンタイン2018』イベント期間限定】"
714,"9402880","はじめてのバレンタイン","自身のQuickカード性能を8%アップ＆Busterカード性能を8%アップ＆宝具威力を5%アップ+ミスティックミルクのドロップ獲得数を1個増やす【『バレンタイン2018』イベント期間限定】","自身のQuickカード性能を10%アップ＆Busterカード性能を10%アップ＆宝具威力を10%アップ[最大解放]+ミスティックミルクのドロップ獲得数を2個増やす[最大解放]【『バレンタイン2018』イベント期間限定】"
715,"9402890","ウィッチズ・キッチン","自身のArtsカード性能を3%アップ＆NP獲得量を5%アップ+ファンシーシュガーのドロップ獲得数を1個増やす【『バレンタイン2018』イベント期間限定】","自身のArtsカード性能を5%アップ＆NP獲得量を10%アップ[最大解放]+ファンシーシュガーのドロップ獲得数を2個増やす[最大解放]【『バレンタイン2018』イベント期間限定】"
716,"9402900","スイート・デイズ","自身のArtsカード性能を8%アップ＆Busterカード性能を8%アップ＆毎ターンスターを3個獲得する状態を付与+フエールフレーバーのドロップ獲得数を2個増やす【『バレンタイン2018』イベント期間限定】","自身のArtsカード性能を10%アップ＆Busterカード性能を10%アップ＆毎ターンスターを4個獲得する状態を付与[最大解放]+フエールフレーバーのドロップ獲得数を3個増やす[最大解放]【『バレンタイン2018』イベント期間限定】"
717,"9302670","不明の杯","セミラミス(アサシン)装備時のみ、自身がフィールドにいる間、味方全体のBusterカード性能を10%アップ＆宝具威力を10%アップ",""
718,"9806190","邪悪教典","効果なし",""
719,"9806200","セーブ・ワイヤー","効果なし",""
720,"9806210","疾駆する","効果なし",""
721,"9806220","隕鉄扇","効果なし",""
722,"9806230","マカロニグラタン","効果なし",""
723,"9806240","副長謹製の散薬","効果なし",""
724,"9806250","日輪しるこ","効果なし",""
725,"9806260","甘い物語","効果なし",""
726,"9806270","高貴なる壺チョコ","効果なし",""
727,"9806280","トゲの生えたチョコ塊","効果なし",""
728,"9806290","スタンディング・ボイルドエッグ","効果なし",""
729,"9806300","メルティ・ハート","効果なし",""
730,"9806310","殺生院特上おはぎ","効果なし",""
731,"9806320","Ｐプリン・ア・ラ・モード","効果なし",""
732,"9806330","スイートデビルスロット","効果なし",""
733,"9806340","プレミアム・スナック","効果なし",""
734,"9806350","緋色の研究","効果なし",""
735,"9806360","大好きなパンケーキ","効果なし",""
736,"9806370","美しすぎる皇帝チョコ","効果なし",""
737,"9806380","イシュタル凱旋門おこし","効果なし",""
738,"9806390","英霊スティックチョコ","効果なし",""
739,"9806400","スチームエレクトリカルチョコ","効果なし",""
740,"9806410","チョコミントクールバレット","効果なし",""
741,"9806420","バーニング是非もないチョコ","効果なし",""
742,"9806430","極上生チョコタルト","効果なし",""
743,"9806440","チョコレート","効果なし",""
744,"9806450","精進料理","効果なし",""
745,"9806460","銘菓風魔まんじゅう・改","効果なし",""
746,"9806470","洋風ぜんざい","効果なし",""
747,"9806480","甘栗子ちよこれいと","効果なし",""
748,"9806490","古楓橋","効果なし",""
749,"9806500","ナンディーチョコ（1/1スケール）","効果なし",""
750,"9806510","ありきたりで悪い？","効果なし",""
751,"9806520","レシーバー","効果なし",""
752,"9806530","シートベルト","効果なし",""
753,"9806540","チョコの鍵","効果なし",""
754,"9806550","ピンク・ピグレット","効果なし",""
755,"9806560","節制と嘘とビタースイート","効果なし",""
756,"9806570","蓮花愛すは何人ぞ","効果なし",""
757,"9806580","聖夜のホワイトケーキ","効果なし",""
758,"9806590","冥界のスイートホーム","効果なし",""
759,"9806600","ちよこちよこ蛸かいな","効果なし",""
760,"9806610","裏切りのチョコレートたち","効果なし",""
761,"9806620","ストレンジャー・アマンド","効果なし",""
762,"9302680","なつのあめ","浅上藤乃(アーチャー)装備時のみ、自身がフィールドにいる間、味方全体のArtsカード性能を10%アップ＆Busterカード性能を10%アップ",""
763,"9302690","冬のファラオ大感謝祭","クエストクリア時に得られるマスターEXPを50増やす",""
764,"9402910","スター・オブ・キャメロット","自身のスター集中度を400%アップ＆毎ターンスター3個獲得状態を付与","自身のスター集中度を600%アップ＆毎ターンスター4個獲得状態を付与[最大解放]"
765,"9402920","探偵ヱドモン～異邦潜入編～","自身のArtsカード性能を10%アップ＆Busterカード性能を10%アップ&NP獲得量を10%アップ","自身のArtsカード性能を15%アップ＆Busterカード性能を15%アップ&NP獲得量を15%アップ[最大解放]"
766,"9402930","ガトー・オ・ショコラ","自身のBusterカード性能を8%アップ＆宝具威力を10%アップ＆クリティカル威力を10%アップ","自身のBusterカード性能を10%アップ＆宝具威力を15%アップ＆クリティカル威力を15%アップ[最大解放]"
767,"9402940","黄金と太陽の勝負師","自身に毎ターンNP3%獲得状態を付与&NP獲得量を5%アップ＆宝具威力を5%アップ","自身に毎ターンNP4%獲得状態を付与&NP獲得量を10%アップ＆宝具威力を10%アップ[最大解放]"
768,"9402950","カルデア特捜班","自身に必中状態を付与&Artsカード性能を5%アップ＆Busterカード性能を5%アップ","自身に必中状態を付与&Artsカード性能を8%アップ＆Busterカード性能を8%アップ[最大解放]"
769,"9402960","ウェルカム・ダイナー","自身に毎ターンスター1個獲得状態を付与＆スター発生率を3%アップ＆クリティカル威力を3%アップ＆スター集中度を30%アップ","自身に毎ターンスター2個獲得状態を付与＆スター発生率を5%アップ＆クリティカル威力を5%アップ＆スター集中度を50%アップ[最大解放]"
770,"9402970","マスケティアーズ","自身のQuickカードの性能を2%アップ＆Artsカードの性能を2%アップ＆Busterカードの性能を2%アップ＆スター発生率を5%アップ","自身のQuickカードの性能を3%アップ＆Artsカードの性能を3%アップ＆Busterカードの性能を3%アップ＆スター発生率を10%アップ[最大解放]"
771,"9402980","雨上がりの君","自身に回避状態(1回)を付与＆毎ターンHP50回復状態を付与","自身に回避状態(1回)を付与＆毎ターンHP100回復状態を付与[最大解放]"
772,"9302750","春遠からじ","自身に毎ターンHP42回復状態を付与する",""
773,"9402990","陽だまりの中で","自身に回避状態(3回)を付与＆ダメージを300カットする状態を付与","自身に回避状態(3回)を付与＆ダメージを400カットする状態を付与[最大解放]"
774,"9403000","最後の語り部","自身に毎ターンNP4%獲得状態を付与＆宝具威力を10%アップ","自身に毎ターンNP5%獲得状態を付与＆宝具威力を15%アップ[最大解放]"
775,"9403020","叡智の光","自身のArtsカード性能を5%アップ＆NP獲得量を3%アップ","自身のArtsカード性能を8%アップ＆NP獲得量を5%アップ[最大解放]"
776,"9403030","異端のヤガ","自身のBusterカード性能を8%アップ&クリティカル威力を10%アップ&スター発生率を10%アップ","自身のBusterカード性能を10%アップ&クリティカル威力を15%アップ&スター発生率を15%アップ[最大解放]"
777,"9403040","闘争","自身の攻撃力を2%アップする","自身の攻撃力を4%アップする[最大解放]"
778,"9403050","連鎖","自身に与ダメージを30プラスする状態を付与","自身に与ダメージを50プラスする状態を付与[最大解放]"
779,"9403060","断絶","自身に被ダメージを30カットする状態を付与","自身に被ダメージを50カットする状態を付与[最大解放]"
780,"9403070","覚醒","自身のスター集中度を50%アップする","自身のスター集中度を100%アップする[最大解放]"
781,"9403080","飢餓","被ダメージ時のNP獲得量を15%アップする","被ダメージ時のNP獲得量を20%アップする[最大解放]"
782,"9403090","慈愛","自身のHP回復量を3%アップする","自身のHP回復量を5%アップする[最大解放]"
783,"9403100","繁栄","自身に毎ターンHP30回復状態を付与する","自身に毎ターンHP50回復状態を付与する[最大解放]"
784,"9403110","欺瞞","自身の弱体付与成功率を3%アップする","自身の弱体付与成功率を5%アップする[最大解放]"
785,"9403120","同調","自身の被強化成功率を3%アップする","自身の被強化成功率を5%アップする[最大解放]"
786,"9403130","暗澹","自身の即死耐性を5%アップする","自身の即死耐性を10%アップする[最大解放]"
787,"9302710","ＯＴＭＡ","アナスタシア(キャスター)装備時のみ、自身がフィールドにいる間、味方全体のArtsカード性能を10%アップ＆宝具威力を10%アップ",""
788,"9302720","カリュドーンの毛皮","アタランテ〔オルタ〕(バーサーカー)装備時のみ、自身がフィールドにいる間、味方全体のQuickカード性能を15%アップ＆クリティカル威力を15%アップ＆防御力を10%ダウン【デメリット】",""
789,"9302730","ある真理と死","アヴィケブロン(キャスター)装備時のみ、自身がフィールドにいる間、味方全体のArtsカード性能を10%アップ＆Busterカード性能を10%アップ",""
790,"9302740","燎原の刃","アントニオ・サリエリ(アヴェンジャー)装備時のみ、自身がフィールドにいる間、味方全体のArtsカード性能を10%アップ＆NP獲得量を10%アップ",""
791,"9302700","イヴァン雷帝の書庫","イヴァン雷帝(ライダー)装備時のみ、自身がフィールドにいる間、味方全体のBusterカード性能を10%アップ＆宝具威力を10%アップ",""
792,"9403140","彼方への巡礼","自身のNP獲得量を10%アップ＆宝具威力を10%アップ＆NPを40%チャージした状態でバトルを開始する+賢者のチョークのドロップ獲得数を1個増やす【『Apocrypha/Inheritance of Glory』イベント期間限定】","自身のNP獲得量を15%アップ＆宝具威力を15%アップ＆NPを50%チャージした状態でバトルを開始する[最大解放]+賢者のチョークのドロップ獲得数を2個増やす[最大解放]【『Apocrypha/Inheritance of Glory』イベント期間限定】"
793,"9403150","刹那のまほろば","自身のArtsカード性能を8%アップ＆Busterカード性能を8%アップ＆防御力を3%アップ+イリアス紙片のドロップ獲得数を1個増やす【『Apocrypha/Inheritance of Glory』イベント期間限定】","自身のArtsカード性能を10%アップ＆Busterカード性能を10%アップ＆防御力を5%アップ[最大解放]+イリアス紙片のドロップ獲得数を2個増やす[最大解放]【『Apocrypha/Inheritance of Glory』イベント期間限定】"
794,"9403160","出発進行！","自身のQuickカード性能を3%アップ＆NP獲得量を5%アップ+ヒポぐるみのドロップ獲得数を1個増やす【『Apocrypha/Inheritance of Glory』イベント期間限定】","自身のQuickカード性能を5%アップ＆NP獲得量を10%アップ[最大解放]+ヒポぐるみのドロップ獲得数を2個増やす[最大解放]【『Apocrypha/Inheritance of Glory』イベント期間限定】"
795,"9403180","城塞の午後","自身のArtsカード性能を10%アップ＆Busterカード性能を10%アップ＆宝具威力を10%アップ+ドラクルコインのドロップ獲得量を30%増やす【『Apocrypha/Inheritance of Glory』イベント期間限定】","自身のArtsカード性能を15%アップ＆Busterカード性能を15%アップ＆宝具威力を15%アップ[最大解放]+ドラクルコインのドロップ獲得量を60%増やす[最大解放]【『Apocrypha/Inheritance of Glory』イベント期間限定】"
796,"9403170","トゥリファスにて","自身のNP獲得量を10%アップ＆クリティカル威力を10%アップ＆毎ターンスター3個獲得状態を付与+自身の『Apocrypha/Inheritance of Glory』における攻撃の威力を100%アップ【『Apocrypha/Inheritance of Glory』イベント期間限定】","自身のNP獲得量を15%アップ＆クリティカル威力を15%アップ＆毎ターンスター4個獲得状態を付与[最大解放]+自身の『Apocrypha/Inheritance of Glory』における攻撃の威力を200%アップ[最大解放]【『Apocrypha/Inheritance of Glory』イベント期間限定】"
797,"9806630","概念礼装EXPカード：フランの花","効果なし",""
798,"9302760","世界を内包せしもの","アキレウス(ライダー)装備時のみ、自身の宝具威力を30%アップ＆自身の登場時に味方全体に無敵状態(1回・3ターン)を付与",""
799,"9302770","教えること、学ぶこと","ケイローン(アーチャー)装備時のみ、自身がフィールドにいる間、味方全体のQuickカード性能を10%アップ＆Artsカード性能を10%アップ",""
800,"9302780","名前のない死","ジーク(キャスター)装備時のみ、自身がフィールドにいる間、味方全体のNP獲得量を10%アップ＆宝具威力を10%アップ",""
801,"9302790","ベーカー街からの脱出","クエストクリア時に得られるマスターEXPを50増やす",""
802,"9302800","Fate/EXTELLA LINK","クエストクリア時に得られる魔術礼装EXPを50増やす",""
803,"9403190","帝都聖杯戦争","自身のQuickカード性能を10%アップ&Busterカード性能を10%アップ＆NP獲得量を10%アップ+カエルの香炉のドロップ獲得数を1個増やす【『ぐだぐだ帝都聖杯奇譚』イベント期間限定】","自身のQuickカード性能を15%アップ&Busterカード性能を15%アップ＆NP獲得量を15%アップ[最大解放]+カエルの香炉のドロップ獲得数を2個増やす[最大解放]【『ぐだぐだ帝都聖杯奇譚』イベント期間限定】"
804,"9403200","坂本探偵事務所","自身のArtsカード性能を8%アップ＆宝具威力を10%アップ＆被ダメージを100カットする状態を付与+カエルの根付のドロップ獲得数を1個増やす【『ぐだぐだ帝都聖杯奇譚』イベント期間限定】","自身のArtsカード性能を10%アップ＆宝具威力を15%アップ＆被ダメージを200カットする状態を付与[最大解放]+カエルの根付のドロップ獲得数を2個増やす[最大解放]【『ぐだぐだ帝都聖杯奇譚』イベント期間限定】"
805,"9403210","牙研ぐ暗剣","自身のArtsカード性能を3%アップ＆クリティカル威力を8%アップ+カエルの手拭いのドロップ獲得数を1個増やす【『ぐだぐだ帝都聖杯奇譚』イベント期間限定】","自身のArtsカード性能を5%アップ＆クリティカル威力を10%アップ[最大解放]+カエルの手拭いのドロップ獲得数を2個増やす[最大解放]【『ぐだぐだ帝都聖杯奇譚』イベント期間限定】"
806,"9403220","白い服の水兵さん","自身のArtsカード性能を10%アップ＆Busterカード性能を10%アップ＆クリティカル威力を10%アップ+『ぐだぐだ帝都聖杯奇譚』において、〔ちびノブ系〕のエネミーの追加出現率を25%アップ【『ぐだぐだ帝都聖杯奇譚』イベント期間限定】","自身のArtsカード性能を15%アップ＆Busterカード性能を15%アップ＆クリティカル威力を15%アップ[最大解放]+『ぐだぐだ帝都聖杯奇譚』において、〔ちびノブ系〕のエネミーの追加出現率を100%アップ[最大解放]【『ぐだぐだ帝都聖杯奇譚』イベント期間限定】"
807,"9806640","概念礼装EXPカード：ぐだぐだまじんさん","効果なし",""
808,"9806650","概念礼装EXPカード：ぐだぐだ土佐同盟","効果なし",""
809,"9302810","無穹の果て","沖田総司〔オルタ〕(アルターエゴ)装備時のみ、自身がフィールドにいる間、味方全体のQuickカード性能を10%アップ＆Busterカード性能を10%アップ",""
810,"9302820","あの日の空","岡田以蔵(アサシン)装備時のみ、自身がフィールドにいる間、味方全体のArtsカード性能を10%アップ＆クリティカル威力を15%アップ",""
811,"9302830","とある山での出来事","坂本龍馬(ライダー)装備時のみ、自身がフィールドにいる間、味方全体のArtsカード性能を10%アップ＆宝具威力を10%アップ",""
812,"9302840","伝説と事実","ナポレオン(アーチャー)装備時のみ、自身がフィールドにいる間、味方全体のBusterカード性能を10%アップ＆宝具威力を10%アップ",""
813,"9403230","アトラスの嬰児","自身に防御無視状態を付与＆〔バーサーカー〕クラスへの特攻状態を35%付与","自身に防御無視状態を付与＆〔バーサーカー〕クラスへの特攻状態を40%付与[最大解放]"
814,"9403240","スイーパー","自身のArtsカード性能を8%アップ＆クリティカル威力を15%アップ","自身のArtsカード性能を10%アップ＆クリティカル威力を20%アップ[最大解放]"
815,"9403250","桜の特製弁当","自身の与HP回復量を5%アップ","自身の与HP回復量を10%アップ[最大解放]"
816,"9403260","花園の少女","自身に毎ターンHP200回復状態を付与＆NP獲得量を15%アップ","自身に毎ターンHP300回復状態を付与＆NP獲得量を20%アップ[最大解放]"
817,"9302850","真・氷の叡智","シグルド(セイバー)装備時のみ、自身がフィールドにいる間、味方全体のBusterカード性能を10%アップ＆クリティカル威力を15%アップ",""
818,"9302860","神鉄の盾","ワルキューレ(ランサー)装備時のみ、自身がフィールドにいる間、味方全体のNP獲得量を10%アップ＆クリティカル威力を10%アップ",""
819,"9302930","英霊旅装：アーチャー・インフェルノ","クエストクリア時に得られる魔術礼装EXPを50増やす",""
820,"9302940","英霊旅装：アステリオス","クエストクリア時に得られる魔術礼装EXPを50増やす",""
821,"9302950","英霊旅装：アタランテ","クエストクリア時に得られる魔術礼装EXPを50増やす",""
822,"9302960","英霊旅装：アビゲイル・ウィリアムズ","クエストクリア時に得られる魔術礼装EXPを50増やす",""
823,"9303020","英霊旅装：アマデウス","クエストクリア時に得られる魔術礼装EXPを50増やす",""
824,"9302970","英霊旅装：アルジュナ","クエストクリア時に得られる魔術礼装EXPを50増やす",""
825,"9302980","英霊旅装：アルテラ","クエストクリア時に得られる魔術礼装EXPを50増やす",""
826,"9302990","英霊旅装：アルトリア・ペンドラゴン","クエストクリア時に得られる魔術礼装EXPを50増やす",""
827,"9303000","英霊旅装：アルトリア・ペンドラゴン","クエストクリア時に得られる魔術礼装EXPを50増やす",""
828,"9303010","英霊旅装：アントニオ・サリエリ","クエストクリア時に得られる魔術礼装EXPを50増やす",""
829,"9303030","英霊旅装：エレシュキガル","クエストクリア時に得られる魔術礼装EXPを50増やす",""
830,"9303040","英霊旅装：オケアノスのキャスター","クエストクリア時に得られる魔術礼装EXPを50増やす",""
831,"9303050","英霊旅装：刑部姫","クエストクリア時に得られる魔術礼装EXPを50増やす",""
832,"9303060","英霊旅装：カーミラ","クエストクリア時に得られる魔術礼装EXPを50増やす",""
833,"9303070","英霊旅装：葛飾北斎","クエストクリア時に得られる魔術礼装EXPを50増やす",""
834,"9303080","英霊旅装：カルナ","クエストクリア時に得られる魔術礼装EXPを50増やす",""
835,"9303090","英霊旅装：清姫","クエストクリア時に得られる魔術礼装EXPを50増やす",""
836,"9303100","英霊旅装：玄奘三蔵","クエストクリア時に得られる魔術礼装EXPを50増やす",""
837,"9303110","英霊旅装：佐々木小次郎","クエストクリア時に得られる魔術礼装EXPを50増やす",""
838,"9303130","英霊旅装：サンソン","クエストクリア時に得られる魔術礼装EXPを50増やす",""
839,"9303120","英霊旅装：シャーロック・ホームズ","クエストクリア時に得られる魔術礼装EXPを50増やす",""
840,"9303140","英霊旅装：新宿のアサシン","クエストクリア時に得られる魔術礼装EXPを50増やす",""
841,"9303150","英霊旅装：新免武蔵守藤原玄信","クエストクリア時に得られる魔術礼装EXPを50増やす",""
842,"9303160","英霊旅装：スカサハ","クエストクリア時に得られる魔術礼装EXPを50増やす",""
843,"9303170","英霊旅装：鈴鹿御前","クエストクリア時に得られる魔術礼装EXPを50増やす",""
844,"9303180","英霊旅装：ダビデ","クエストクリア時に得られる魔術礼装EXPを50増やす",""
845,"9303190","英霊旅装：玉藻の前","クエストクリア時に得られる魔術礼装EXPを50増やす",""
846,"9303200","英霊旅装：ナイチンゲール","クエストクリア時に得られる魔術礼装EXPを50増やす",""
847,"9303210","英霊旅装：謎のヒロインX","クエストクリア時に得られる魔術礼装EXPを50増やす",""
848,"9303220","英霊旅装：哪吒","クエストクリア時に得られる魔術礼装EXPを50増やす",""
849,"9303230","英霊旅装：ネロ・クラウディウス","クエストクリア時に得られる魔術礼装EXPを50増やす",""
850,"9303240","英霊旅装：ブリュンヒルデ","クエストクリア時に得られる魔術礼装EXPを50増やす",""
851,"9303250","英霊旅装：ポール・バニヤン","クエストクリア時に得られる魔術礼装EXPを50増やす",""
852,"9303260","英霊旅装：マーリン","クエストクリア時に得られる魔術礼装EXPを50増やす",""
853,"9303270","英霊旅装：マシュ・キリエライト","クエストクリア時に得られる魔術礼装EXPを50増やす",""
854,"9303280","英霊旅装：マルタ","クエストクリア時に得られる魔術礼装EXPを50増やす",""
855,"9303290","英霊旅装：源頼光","クエストクリア時に得られる魔術礼装EXPを50増やす",""
856,"9303300","英霊旅装：柳生但馬守宗矩","クエストクリア時に得られる魔術礼装EXPを50増やす",""
857,"9303310","英霊旅装：レオナルド・ダ・ヴィンチ","クエストクリア時に得られる魔術礼装EXPを50増やす",""
858,"9403270","愛と希望の物語","自身のスター集中度を100%アップ＆クリティカル威力を10%アップ＆NPを50%チャージした状態でバトルを開始する","自身のスター集中度を200%アップ＆クリティカル威力を15%アップ＆NPを60%チャージした状態でバトルを開始する[最大解放]"
859,"9403280","グレイテスト・ジャーニー","自身のQuickカード性能を10%アップ＆NP獲得量を5%アップ","自身のQuickカード性能を15%アップ＆NP獲得量を10%アップ[最大解放]"
860,"9403290","TEAM Phoenix","自身に毎ターンスターを1個獲得状態を付与&クリティカル威力を5%アップ","自身に毎ターンスターを2個獲得状態を付与&クリティカル威力を10%アップ[最大解放]"
861,"9403300","風雅たれ","クエストクリア時に得られる魔術礼装EXPを1%増やす(サポート時は3%増やす)","クエストクリア時に得られる魔術礼装EXPを5%増やす(サポート時は15%増やす)[最大解放]"
862,"9302920","神々の遺した愛","スカサハ＝スカディ(キャスター)装備時のみ、自身がフィールドにいる間、味方全体のQuickカード性能を10%アップ＆クリティカル威力を15%アップ",""
863,"9302870","Fate/Grand Order Arcade","クエストクリア時に得られるマスターEXPを50増やす",""
864,"9302910","Singularity F","クエストクリア時に得られる魔術礼装EXPを50増やす",""
865,"9403310","エメラルド・フロート","自身のArtsカード性能を15%アップ＆宝具威力を15%アップ+ＢＢ＄札のドロップ獲得数を1個増やす【『サーヴァント・サマー・フェスティバル！』イベント期間限定】","自身のArtsカード性能を20%アップ＆宝具威力を20%アップ[最大解放]+ＢＢ＄札のドロップ獲得数を2個増やす[最大解放]【『サーヴァント・サマー・フェスティバル！』イベント期間限定】"
866,"9403370","ヒーロー・オン・ザ・ビーチ","自身のBusterカード性能を10%アップ＆クリティカル威力を10%アップ＆毎ターンスター3個獲得状態を付与+ＢＢ＄札のドロップ獲得数を1個増やす【『サーヴァント・サマー・フェスティバル！』イベント期間限定】","自身のBusterカード性能を15%アップ＆クリティカル威力を15%アップ＆毎ターンスター4個獲得状態を付与[最大解放]+ＢＢ＄札のドロップ獲得数を2個増やす[最大解放]【『サーヴァント・サマー・フェスティバル！』イベント期間限定】"
867,"9403320","疾風怒濤","自身のBusterカード性能を8%アップ＆宝具威力を8%アップ＆NP獲得量を8%アップ+ミミ＄札のドロップ獲得数を1個増やす【『サーヴァント・サマー・フェスティバル！』イベント期間限定】","自身のBusterカード性能を10%アップ＆宝具威力を10%アップ＆NP獲得量を10%アップ[最大解放]+ミミ＄札のドロップ獲得数を2個増やす[最大解放]【『サーヴァント・サマー・フェスティバル！』イベント期間限定】"
868,"9403380","サンセット・ジャム","自身のQuickカード性能を8%アップ＆Artsカード性能を8%アップ＆クリティカル威力を5%アップ+ミミ＄札のドロップ獲得数を1個増やす【『サーヴァント・サマー・フェスティバル！』イベント期間限定】","自身のQuickカード性能を10%アップ＆Artsカード性能を10%アップ＆クリティカル威力を10%アップ[最大解放]+ミミ＄札のドロップ獲得数を2個増やす[最大解放]【『サーヴァント・サマー・フェスティバル！』イベント期間限定】"
869,"9403330","オールナイト・フィーバー","自身のNP獲得量を5%アップ＆クリティカル威力を5%アップ+ギル＄札のドロップ獲得数を1個増やす【『サーヴァント・サマー・フェスティバル！』イベント期間限定】","自身のNP獲得量を10%アップ＆クリティカル威力を10%アップ[最大解放]+ギル＄札のドロップ獲得数を2個増やす[最大解放]【『サーヴァント・サマー・フェスティバル！』イベント期間限定】"
870,"9403390","ライティング・ハイ","自身のNP獲得量を5%アップ＆宝具威力を5%アップ+ギル＄札のドロップ獲得数を1個増やす【『サーヴァント・サマー・フェスティバル！』イベント期間限定】","自身のNP獲得量を10%アップ＆宝具威力を10%アップ[最大解放]+ギル＄札のドロップ獲得数を2個増やす[最大解放]【『サーヴァント・サマー・フェスティバル！』イベント期間限定】"
871,"9403340","ペインティング・サマー","自身のArtsカード性能を8%アップ＆NP獲得量を8%アップ＆NPを30%チャージした状態でバトルを開始する+同人探求力のドロップ獲得量を30%増やす【『サーヴァント・サマー・フェスティバル！』イベント期間限定】","自身のArtsカード性能を10%アップ＆NP獲得量を10%アップ＆NPを50%チャージした状態でバトルを開始する[最大解放]+同人探求力のドロップ獲得量を60%増やす[最大解放]【『サーヴァント・サマー・フェスティバル！』イベント期間限定】"
872,"9403350","レディ・フォクシー","自身に毎ターンNP4%獲得状態を付与＆宝具威力を15%アップ&被ダメージを100カットする状態を付与+同人空想力のドロップ獲得量を30%増やす【『サーヴァント・サマー・フェスティバル！』イベント期間限定】","自身に毎ターンNP5%獲得状態を付与＆宝具威力を20%アップ&被ダメージを200カットする状態を付与[最大解放]+同人空想力のドロップ獲得量を60%増やす[最大解放]【『サーヴァント・サマー・フェスティバル！』イベント期間限定】"
873,"9403360","ウォーター・シャイン","自身に必中状態を付与&クリティカル威力を15%アップ&毎ターンスター3個獲得状態を付与+同人活動力のドロップ獲得量を30%増やす【『サーヴァント・サマー・フェスティバル！』イベント期間限定】","自身に必中状態を付与&クリティカル威力を20%アップ&毎ターンスター4個獲得状態を付与[最大解放]+同人活動力のドロップ獲得量を60%増やす[最大解放]【『サーヴァント・サマー・フェスティバル！』イベント期間限定】"
874,"9806710","演劇的魔人のメランコリー","効果なし",""
875,"9806770","Little little bullet","効果なし",""
876,"9806730","ウチの円卓","効果なし",""
877,"9806760","カレー×ライス","効果なし",""
878,"9806700","ビルドアッパーマルタ","効果なし",""
879,"9806670","ジャイアントバベッジ","効果なし",""
880,"9806720","ままのみみ","効果なし",""
881,"9806660","ボクたちは召喚ができない！","効果なし",""
882,"9806690","拉麺好き好きアナスタシアさん","効果なし",""
883,"9806740","悪役令嬢は悪女をぶち抜きたい！","効果なし",""
884,"9806750","詠天流受法用心集","効果なし",""
885,"9806680","クロスビッキの魔法姫と怪物","効果なし",""
886,"9303320","シー・エンジェル","ジャンヌ・ダルク(アーチャー)装備時のみ、自身がフィールドにいる間、味方全体のArtsカード性能を10%アップ＆宝具威力を10%アップ",""
887,"9303330","大江山大花火","茨木童子(ランサー)装備時のみ、自身がフィールドにいる間、味方全体のBusterカード性能を10%アップ＆クリティカル威力を15%アップ",""
888,"9303340","天狗なりきりセット","牛若丸(アサシン)装備時のみ、自身がフィールドにいる間、味方全体のQuickカード性能を10%アップ＆クリティカル威力を15%アップ",""
889,"9303350","積み重ねた時間の結晶","ジャンヌ・ダルク〔オルタ〕(バーサーカー)装備時のみ、自身がフィールドにいる間、味方全体のBusterカード性能を10%アップ＆宝具威力を10%アップ",""
890,"9303360","深淵のラストリゾート","ＢＢ(SSR・ムーンキャンサー)装備時のみ、自身がフィールドにいる間、味方全体のArtsカード性能を10%アップ＆Busterカード性能を10%アップ",""
891,"9303370","一夏のアルバム","女王メイヴ(セイバー)装備時のみ、自身がフィールドにいる間、味方全体のNP獲得量を10%アップ＆宝具威力を10%アップ",""
892,"9303380","地球の思い出","謎のヒロインXX(フォーリナー)装備時のみ、自身がフィールドにいる間、味方全体に〔セイバー〕特攻状態を20%付与",""
893,"9403400","Fate/Grand Order Memories I","クエストクリア時に得られるマスターEXPを50増やす",""
894,"9303390","波濤と細波","ディルムッド・オディナ(セイバー)装備時のみ、自身がフィールドにいる間、味方全体のQuickカード性能を10%アップ＆Busterカード性能を10%アップ",""
895,"9302890","相打つ宿命","クエストクリア時に得られる魔術礼装EXPを50増やす",""
896,"9403410","Gilgamesh in NY","自身のBusterカード性能を20%アップ＆NP獲得量を10%アップ+マッスルバーガーのドロップ獲得数を1個増やす【『バトル・イン・ニューヨーク 2018』イベント期間限定】","自身のBusterカード性能を25%アップ＆NP獲得量を15%アップ[最大解放]+マッスルバーガーのドロップ獲得数を2個増やす[最大解放]【『バトル・イン・ニューヨーク 2018』イベント期間限定】"
897,"9403420","摩天楼に輝く","自身のBusterカード性能を8%アップ＆クリティカル威力を15%アップ+ストロングドッグのドロップ獲得数を1個増やす【『バトル・イン・ニューヨーク 2018』イベント期間限定】","自身のBusterカード性能を10%アップ＆クリティカル威力を20%アップ[最大解放]+ストロングドッグのドロップ獲得数を2個増やす[最大解放]【『バトル・イン・ニューヨーク 2018』イベント期間限定】"
898,"9403430","ショウ・タイム","自身のQuickカード性能を3%アップ＆宝具威力を8%アップ+ワイルドポテトのドロップ獲得数を1個増やす【『バトル・イン・ニューヨーク 2018』イベント期間限定】","自身のQuickカード性能を5%アップ＆宝具威力を10%アップ[最大解放]+ワイルドポテトのドロップ獲得数を2個増やす[最大解放]【『バトル・イン・ニューヨーク 2018』イベント期間限定】"
899,"9403440","リターン・マッチ","自身にガッツ状態を付与(1回・HP1回復)＆クリティカル威力を15%アップ+『バトル・イン・ニューヨーク 2018』において、自身の攻撃の威力を100%アップする【『バトル・イン・ニューヨーク 2018』イベント期間限定】","自身にガッツ状態を付与(1回・HP1回復)＆クリティカル威力を20%アップ[最大解放]+『バトル・イン・ニューヨーク 2018』において、自身の攻撃の威力を200%アップする[最大解放]【『バトル・イン・ニューヨーク 2018』イベント期間限定】"
900,"9403450","C・K・T","自身のQuickカード性能を10%アップ＆Artsカード性能を10%アップ＆宝具威力を10%アップ+AUOくじのドロップ獲得数を1個増やす【『バトル・イン・ニューヨーク 2018』イベント期間限定】","自身のQuickカード性能を15%アップ＆Artsカード性能を15%アップ＆宝具威力を15%アップ[最大解放]+AUOくじのドロップ獲得数を2個増やす[最大解放]【『バトル・イン・ニューヨーク 2018』イベント期間限定】"
901,"9806780","概念礼装EXPカード：ドルセント・ショップ","効果なし",""
902,"9403460","Welcome to ONILAND!!","自身のArtsカード性能を10%アップ＆Busterカード性能を10%アップ＆NPを40%チャージした状態でバトルを開始する+コヅチサンデーのドロップ獲得数を1個増やす【『神秘の国のＯＮＩＬＡＮＤ!!』イベント期間限定】","自身のArtsカード性能を12%アップ＆Busterカード性能を12%アップ＆NPを50%チャージした状態でバトルを開始する[最大解放]+コヅチサンデーのドロップ獲得数を2個増やす[最大解放]【『神秘の国のＯＮＩＬＡＮＤ!!』イベント期間限定】"
903,"9403470","ただ紅く","自身のBusterカード性能を8%アップ＆クリティカル威力を8%アップ＆NP獲得量を8%アップ+カナボーチュロスのドロップ獲得数を1個増やす【『神秘の国のＯＮＩＬＡＮＤ!!』イベント期間限定】","自身のBusterカード性能を10%アップ＆クリティカル威力を10%アップ＆NP獲得量を10%アップ[最大解放]+カナボーチュロスのドロップ獲得数を2個増やす[最大解放]【『神秘の国のＯＮＩＬＡＮＤ!!』イベント期間限定】"
904,"9403480","足柄ブラザーズ","自身のQuickカードの性能を3%アップ＆スター発生率を5%アップ+ドクロコーンのドロップ獲得数を1個増やす【『神秘の国のＯＮＩＬＡＮＤ!!』イベント期間限定】","自身のQuickカードの性能を5%アップ＆スター発生率を10%アップ[最大解放]+ドクロコーンのドロップ獲得数を2個増やす[最大解放]【『神秘の国のＯＮＩＬＡＮＤ!!』イベント期間限定】"
905,"9403500","スリー・アングラー","自身のQuickカードの性能を10%アップ＆宝具威力を10%アップ＆クリティカル威力を10%アップ+『神秘の国のＯＮＩＬＡＮＤ!!』において、Quick攻撃の威力を100～500%アップ<おともだちポイント量によって変化>＆おともだちポイントのドロップ獲得量を30%増やす【『神秘の国のＯＮＩＬＡＮＤ!!』イベント期間限定】","自身のQuickカードの性能を15%アップ＆宝具威力を15%アップ＆クリティカル威力を15%アップ[最大解放]+『神秘の国のＯＮＩＬＡＮＤ!!』において、Quick攻撃の威力を100～500%アップ<おともだちポイント量によって変化>＆おともだちポイントのドロップ獲得量を60%増やす[最大解放]【『神秘の国のＯＮＩＬＡＮＤ!!』イベント期間限定】"
906,"9403490","ロイヤル・アイシング","自身のArtsカード性能を10%アップ＆宝具威力を20%アップ+『神秘の国のＯＮＩＬＡＮＤ!!』において、Arts攻撃の威力を100～500%アップ<おともだちポイント量によって変化>＆おともだちポイントのドロップ獲得量を30%増やす【『神秘の国のＯＮＩＬＡＮＤ!!』イベント期間限定】","自身のArtsカード性能を15%アップ＆宝具威力を25%アップ[最大解放]+『神秘の国のＯＮＩＬＡＮＤ!!』において、Arts攻撃の威力を100～500%アップ<おともだちポイント量によって変化>＆おともだちポイントのドロップ獲得量を60%増やす[最大解放]【『神秘の国のＯＮＩＬＡＮＤ!!』イベント期間限定】"
907,"9403510","氷結闘熊","自身に無敵貫通状態を付与＆Busterカードの性能を8%アップ+『神秘の国のＯＮＩＬＡＮＤ!!』において、Buster攻撃の威力を100～500%アップ<おともだちポイント量によって変化>＆おともだちポイントのドロップ獲得量を30%増やす【『神秘の国のＯＮＩＬＡＮＤ!!』イベント期間限定】","自身に無敵貫通状態を付与＆Busterカードの性能を10%アップ[最大解放]+『神秘の国のＯＮＩＬＡＮＤ!!』において、Buster攻撃の威力を100～500%アップ<おともだちポイント量によって変化>＆おともだちポイントのドロップ獲得量を60%増やす[最大解放]【『神秘の国のＯＮＩＬＡＮＤ!!』イベント期間限定】"
908,"9303400","忘れえぬもの","シトナイ(アルターエゴ)装備時のみ、自身がフィールドにいる間、味方全体のArtsカード性能を10%アップ＆宝具威力を10%アップ",""
909,"9303410","護法の末路","酒呑童子(キャスター)装備時のみ、自身がフィールドにいる間、味方全体のBusterカード性能を10%アップ＆NP獲得量を10%アップ",""
